-- phpMyAdmin SQL Dump
-- version 5.2.1
-- https://www.phpmyadmin.net/
--
-- Host: 127.0.0.1
-- Generation Time: Aug 15, 2024 at 12:23 PM
-- Server version: 10.4.32-MariaDB
-- PHP Version: 8.2.12

SET SQL_MODE = "NO_AUTO_VALUE_ON_ZERO";
START TRANSACTION;
SET time_zone = "+00:00";


/*!40101 SET @OLD_CHARACTER_SET_CLIENT=@@CHARACTER_SET_CLIENT */;
/*!40101 SET @OLD_CHARACTER_SET_RESULTS=@@CHARACTER_SET_RESULTS */;
/*!40101 SET @OLD_COLLATION_CONNECTION=@@COLLATION_CONNECTION */;
/*!40101 SET NAMES utf8mb4 */;

--
-- Database: `hello_world`
--

-- --------------------------------------------------------

--
-- Table structure for table `author`
--

CREATE TABLE `author` (
  `author_id` int(11) NOT NULL,
  `author_name` text NOT NULL,
  `author_description` text DEFAULT NULL,
  `author_image` text DEFAULT NULL
) ENGINE=InnoDB DEFAULT CHARSET=utf8mb4 COLLATE=utf8mb4_general_ci;

--
-- Dumping data for table `author`
--

INSERT INTO `author` (`author_id`, `author_name`, `author_description`, `author_image`) VALUES
(1000, 'unknown', NULL, NULL),
(1001, 'Hiro', NULL, NULL),
(1002, 'Ugetsu', NULL, NULL),
(1003, 'Stephane Garnier', NULL, NULL),
(1004, 'ยูโตะ ซาโนะ', NULL, NULL),
(1005, 'ชู่กง', NULL, NULL),
(1006, 'บรรเจิดลักษณ์ คำเจริญ', NULL, NULL),
(1007, 'เกตุเสพย์สวัสดิ์ ปาลกะวงศ์ ณ อยุธยา (น้าเน็ก)', NULL, 'https://th.bing.com/th/id/OIP.xA1xbP61FmoIio4aU-HaxgHaNK?rs=1&pid=ImgDetMain'),
(1008, 'Yuu Kamiya', NULL, NULL),
(1009, 'BOOKSOKATIME', NULL, NULL),
(1010, 'จิรายุส ทรัพย์ศรีโสภา', NULL, NULL),
(1011, 'Joyo Nishi (โจโย นิชิ)', NULL, NULL),
(1012, 'Asato Asato', NULL, NULL),
(1013, 'YUTAKA OHHORI', NULL, NULL),
(1014, 'Noritake Tao (โนริทาเกะ ทาโอะ)', NULL, NULL),
(1015, 'Robert T. Kiyosaki (โรเบิร์ต ที. คิโยซากิ)', NULL, NULL);

-- --------------------------------------------------------

--
-- Table structure for table `book_detail`
--

CREATE TABLE `book_detail` (
  `book_id` int(11) NOT NULL,
  `book_name_th` text NOT NULL DEFAULT 'No Details',
  `book_name_en` text NOT NULL DEFAULT 'No Details',
  `book_name_originl` text NOT NULL DEFAULT 'No Details',
  `book_category` set('Fiction','Fantasy','Science Fiction','Mystery','Horror','Romance','Historical Fiction','Literary Fiction','Young Adult','Children''s','Graphic Novels','Dystopian','Action','Western','Nonfiction','History','Biography/Autobiography','Self-help','Science & Technology','Health & Wellness','Business & Economics','True Crime','Travel','Cookbooks','Art & Photography','Religion & Spirituality','Philosophy','Humor','Essays','Reference','Girl Love','Boy Love','R18+','Light Novel','Manga','Manwha','manhua','Comic','SuperHero','Drama','Adventure') NOT NULL,
  `book_descriptions` text NOT NULL DEFAULT 'No Details',
  `book_status` set('Not Available','Now Available','Unknown') NOT NULL DEFAULT 'Unknown',
  `book_score` float NOT NULL DEFAULT 0,
  `book_price` int(11) NOT NULL DEFAULT 0,
  `book_pages` int(11) NOT NULL DEFAULT 0,
  `book_image` text NOT NULL DEFAULT 'No Details',
  `release_date` date NOT NULL DEFAULT current_timestamp(),
  `publisher_link` text NOT NULL DEFAULT 'No Details',
  `author_id` int(11) NOT NULL DEFAULT 1000,
  `language_id` int(11) NOT NULL,
  `publisher_id` int(11) NOT NULL DEFAULT 1,
  `serie_id` int(11) NOT NULL DEFAULT 1
) ENGINE=InnoDB DEFAULT CHARSET=utf8mb4 COLLATE=utf8mb4_general_ci;

--
-- Dumping data for table `book_detail`
--

INSERT INTO `book_detail` (`book_id`, `book_name_th`, `book_name_en`, `book_name_originl`, `book_category`, `book_descriptions`, `book_status`, `book_score`, `book_price`, `book_pages`, `book_image`, `release_date`, `publisher_link`, `author_id`, `language_id`, `publisher_id`, `serie_id`) VALUES
(1, 'จิตวิทยาสายดาร์ก', 'Dark Psychology', '思い通りに人を動かすヤバい話し方', 'Self-help', 'เมื่อคำพูดของคุณสามารถควบคุมจิตใจคนได้ BESTSELLER ...', 'Now Available', 0, 250, 280, 'https://www.naiin.com/product/detail/577274', '2024-08-06', 'https://www.welearnbook.com/product/46504-41973', 1001, 1, 2, 1),
(2, 'บ้านวิกลคนประหลาด', 'House of the Weird', '変な家', 'Fiction,Horror', '\"ฉัน\" เป็นนักเขียนอิสระผู้เชี่ยวชาญเรื่องลี้ลับ ด้...', 'Now Available', 0, 238, 232, 'https://pim-cdn0.ofm.co.th/products/large/D095345.jpg', '2024-08-06', 'https://www.naiin.com/product/detail/561084', 1002, 1, 3, 2),
(3, 'บ้านวิกลคนประหลาด เล่ม2', 'House of the Weird 2', '変な家', 'Fiction,Horror', 'ผังบ้านหลังนี้มีอะไรแปลก ๆฉันเขียนหนังสือชื่อ “บ้า...', 'Now Available', 0, 395, 536, 'https://storage.naiin.com/system/application/bookstore/resource/product/202406/614895/1000272786_front_XXL.jpg', '2024-08-06', 'https://www.naiin.com/product/detail/614895', 1002, 1, 3, 2),
(4, 'เมื่อแมวที่บ้านคุณผันตัวเองมาเป็นไลฟ์โค้ช', 'How to Live Like Your Cat', 'How to Live Like Your Cat', 'Self-help', 'นึกถึงตัวเองเป็นอันดับแรกไม่เคยเปรียบเทียบตัวเองกั...', 'Now Available', 0, 157, 176, 'https://storage.naiin.com/system/application/bookstore/resource/product/202303/576258/1000260153_front_XXXL.jpg', '2024-08-06', 'https://www.naiin.com/product/detail/576258', 1003, 1, 2, 1),
(5, 'โกคุราคุไก สุขาวดีสีเลือด เล่ม 1', 'Gokurakugai Vol.1', 'Gokurakugai Vol.1', 'Fiction,Fantasy', 'โกคุราคุไก—นครที่เต็มไปด้วยสีสันและเงามืดลึกล้ำ ทา...', 'Now Available', 0, 175, 176, 'https://www.phoenixnext.com/pub/media/wysiwyg/Blog2/MG0584-01.jpg', '2024-08-06', 'https://www.phoenixnext.com/mg0584-02p.html', 1004, 1, 4, 3),
(6, 'โกคุราคุไก สุขาวดีสีเลือด เล่ม 2', 'Gokurakugai Vol.2', 'Gokurakugai Vol.2', 'Fiction,Fantasy', 'อัลมาแกะรอยคดีแขวนคอต่อเนื่องกับทาโอะ และได้พบชายผมดำปริศนาหน้าศาลเจ้าที่เกิดเหตุ สิ่งที่คืบคลานอยู่เบื้องหลังชายที่ดูขี้ขลาดไม่มีพิษมีภัยคนนั้นคือ—?นอกจากนี้ ระหว่างร่วมงานกับเนย์ ยอดฝีมือสาวจาก ‘รังงู’อัลมาต้องพบกับ ‘จุดอ่อน\' ของตัวเองที่ไม่เคยรู้มาก่อน!?', 'Now Available', 0, 175, 192, 'https://storage.naiin.com/system/application/bookstore/resource/product/202402/604453/1000269532_front_XXL.jpg?', '2024-08-06', 'https://www.phoenixnext.com/mg0642-02p.html', 1004, 1, 4, 3),
(7, 'โกคุราคุไก สุขาวดีสีเลือด เล่ม 3', 'Gokurakugai Vol.3', 'Gokurakugai Vol.3', 'Fiction,Fantasy', '  คานาตะถูกตามจับในฐานะผู้ต้องสงสัยคดีฆาตกรรมกินคน...ขณะที่อัลมาวิ่งวุ่นไปทั่วโกคุราคุไกยามราตรี เพื่อช่วย ‘มากะ’ อย่างคานาตะในฐานะเพื่อน—แต่แล้วคานาตะทนต่อสัญชาตญาณไม่ไหวจนออกอาละวาด ระหว่างที่อัลมาพยายามโน้มน้าวอย่างเอาเป็นเอาตายคนที่ปรากฏกายต่อหน้าทั้งสองกลับมอบ ‘ความสิ้นหวัง’ ยิ่งกว่าให้...!?', 'Now Available', 0, 175, 208, 'https://storage.naiin.com/system/application/bookstore/resource/product/202407/617103/1000273434_front_XXL.jpg?', '2024-08-06', 'https://www.phoenixnext.com/mg0783-01p.html', 1004, 1, 4, 3),
(8, 'โซโล่ เลเวลลิ่ง เล่ม 1', 'Solo Leveling 1', 'Solo Leveling 1', 'Fiction,Fantasy', '\"ซองจินอู\" ฮันเตอร์ระดับ E ผู้ไร้ความสามารถตลอดกาลเดิมพันกับความตายที่อยูตรงหน้าในดันเจี้ยนประหลาดทว่าวิกฤตมักมาพร้อมโอกาสเสมอ! (คุณได้รับสิทธิ์เป็นผู้เล่น) \"ผู้เล่นเหรอ นี่ฉันอัพเลเวลได้ด้วยเหรอ\" เมื่อพลังในตัวของซองจินอูตื่นจากการหลับใหลแถมยังพร้อมสรรพด้วยระบบซัพพอร์ตและการอัพเลเวลสูงขึ้นไปการป่าวประกาศอิสรภาพแก่โลกทั้งใบก็ไม่ใช่เรื่องไกลเกินเอื้อม! \"อาวุธสุดกากแห่งมวลมนุษยชาติ\" หนึ่งเดียวคนนี้จะทำให้ฮันเตอร์ทั่วทั้งโลกตกตะลึง!?', 'Now Available', 0, 295, 260, 'https://www.phoenixnext.com/img/600/744/resize/catalog/product/_/l/_ln_solo_leveling_vol1_cover.jpg', '2020-05-07', 'https://www.phoenixnext.com/ln0189-01.html', 1005, 1, 4, 4),
(9, 'โซโล่ เลเวลลิ่ง เล่ม 2', 'Solo Leveling 2', 'Solo Leveling 2', 'Fiction,Fantasy', '\'ซองจินอู ฮันเตอร์ระดับ E ผู้ไร้ความสามารถตลอดกาลเดิมพันกับความตายที่อยูตรงหน้าในดันเจี้ยนประหลาดทว่าวิกฤตมักมาพร้อมโอกาสเสมอ![คุณได้รับสิทธิ์เป็นผู้เล่น]“ผู้เล่นเหรอ นี่ฉันอัพเลเวลได้ด้วยเหรอ”เมื่อพลังในตัวของซองจินอูตื่นจากการหลับใหลแถมยังพร้อมสรรพด้วยระบบซัพพอร์ตและการอัพเลเวลสูงขึ้นไปการป่าวประกาศอิสรภาพแก่โลกทั้งใบก็ไม่ใช่เรื่องไกลเกินเอื้อม!‘อาวุธสุดกากแห่งมวลมนุษยชาติ’ หนึ่งเดียวคนนี้จะทำให้ฮันเตอร์ทั่วทั้งโลกตกตะลึง!?ผลงานจากปลายปากกาของชู่กง ผู้ประพันธ์ I Saw The Kingจะเผยแก่นแท้แห่งเรดให้เป็นที่ประจักษ์!', 'Now Available', 0, 295, 278, 'https://www.phoenixnext.com/img/600/744/resize/catalog/product/_/l/_ln_solo_leveling_vol2_cover.jpg', '2020-08-14', 'https://www.phoenixnext.com/ln0216-01.html', 1005, 1, 4, 4),
(10, 'โซโล่ เลเวลลิ่ง เล่ม 3', 'Solo Leveling 3', 'Solo Leveling 3', 'Fiction,Fantasy', 'ซองจินอู ฮันเตอร์ระดับ E ผู้ไร้ความสามารถตลอดกาลเดิมพันกับความตายที่อยูตรงหน้าในดันเจี้ยนประหลาด ทว่าวิกฤตมักมาพร้อมโอกาสเสมอ! [คุณได้รับสิทธิ์เป็นผู้เล่น] “ผู้เล่นเหรอ นี่ฉันอัพเลเวลได้ด้วยเหรอ” เมื่อพลังในตัวของซองจินอูตื่นจากการหลับใหลแถมยังพร้อมสรรพด้วยระบบซัพพอร์ตและการอัพเลเวลสูงขึ้นไป การป่าวประกาศอิสรภาพแก่โลกทั้งใบก็ไม่ใช่เรื่องไกลเกินเอื้อม!  ‘อาวุธสุดกากแห่งมวลมนุษยชาติ’ หนึ่งเดียวคนนี้จะทำให้ฮันเตอร์ทั่วทั้งโลกตกตะลึง!?', 'Now Available', 0, 295, 280, 'https://www.phoenixnext.com/img/600/744/resize/catalog/product/_/l/_ln_solo_leveling_vol3_jacket.jpg', '2020-11-09', 'https://www.phoenixnext.com/ln0237-01.html', 1005, 1, 4, 4),
(11, 'โซโล่ เลเวลลิ่ง เล่ม 4', 'Solo Leveling 4 ', 'Solo Leveling 4 ', 'Fiction,Fantasy', '[คุณจะรับเควสต์เปลี่ยนอาชีพหรือไม่]  หัวข้ออาชีพอันว่างเปล่าในสเตตัสกำลังจะถูกแทนที่ด้วยอาชีพอันไม่คาดคิด หากก่อนหน้านั้นจินอูจะต้องฟันฝ่าอุปสรรคที่ ‘ระบบ’ สร้างขึ้น นั่นคือ  กองทัพอัศวินที่เพิ่มพูนด้วยจำนวนมหาศาล อย่างมองไม่เห็นจุดสิ้นสุด  ภายใต้ชุดเกราะหนาหนักที่โถมถล่มทับร่าง ในเสี้ยววินาทีที่ลมหายใจสุดท้ายของจินอูขาดห้วง บทลงทัณฑ์เหนือความคาดหมายเริ่มเปิดฉาก  ฮันเตอร์ใฝ่หาศัตรูผู้เก่งกาจฉันใด โลกแห่งเกตย่อมปรารถนาฮันเตอร์ผู้แข็งแกร่งฉันนั้น  ขอเชื้อเชิญผู้แข็งแกร่งทั้งหลายสู่เร้ดเกต แก่นแท้แห่งเกตอันเหนือจินตนาการของฮันเตอร์ทั้งปวง', 'Now Available', 0, 295, 268, 'https://www.phoenixnext.com/img/600/744/resize/catalog/product/_/l/_ln_solo_leveling_vol4_jacket.jpg', '2021-01-06', 'https://www.phoenixnext.com/ln0247-01.html', 1005, 1, 4, 4),
(12, 'โซโล่ เลเวลลิ่ง เล่ม 5', 'Solo Leveling 5', 'Solo Leveling 5', 'Fiction,Fantasy', 'สองกิลด์ยักใหญ่เปิดศึกชิงซองจินอู  การวัดแรงก์รอบ 2 ยังไม่ทันประกาศผล เชวจงอินจาก ‘เหล่าผู้ล่า’ และแพกยุนโฮจาก ‘พยัคฆ์ขาว’ สองผู้นำกิลด์ระดับประเทศพยายามอย่างที่สุดเพื่อได้ตัวซองจินอูมาร่วมกิลด์ ขณะที่จินอูมีเรื่องสำคัญยิ่งกว่าให้ทำ นั่นคือการรักษาแม่ผู้เป็นเจ้าหญิงนิทรา  ไอเท็มวิเศษที่สามารถเยียวยาได้สารพัดโรค  ซองจินอูจะสามารถบุกทะลวงดันเจี้ยน 100 ชั้นอันหฤโหด แล้วคว้ามันมาด้วยมือของเขาเองได้หรือไม่—!?', 'Now Available', 0, 295, 280, 'https://www.phoenixnext.com/img/600/744/resize/catalog/product/_/l/_ln_solo_leveling_vol5_cover.jpg', '2021-06-01', 'https://www.phoenixnext.com/ln0267-01.html', 1005, 1, 4, 4),
(13, 'โซโล่ เลเวลลิ่ง เล่ม 6', 'Solo Leveling 6', 'Solo Leveling 6', 'Fiction,Fantasy', 'ภารกิจไต่ปราสาทอสูร 100 ชั้นจบลงอย่างน่าพอใจ ซองจินอูได้ชีวิตครอบครัวอันสงบสุขกลับคืนมาอีกครั้งตามปรารถนา ทว่ายังไม่ได้ซาบซึ้งกับความอบอุ่นที่ขาดหายไปนาน เหล่าอสูรมดจากเกตแรงก์ S ที่เกาะเชจูก็ออกอาละวาด คราวนี้มันบุกโจมตีถึงหมู่เกาะญี่ปุ่น เป็นเหตุให้สมาคมฮันเตอร์ญี่ปุ่นกับเกาหลีใต้จำต้องร่วมมือกัน จัดตั้งกองกำลังพิเศษโดยเหล่าฮันเตอร์ชั้นนำเพื่อกำราบให้เด็ดขาด ประธานสมาคมฮันเตอร์เกาหลีใต้อย่างโคกอนฮี ถึงกับออกปากขอร้องจินอูด้วยตัวเองเพื่อให้เขาเข้าร่วมภารกิจครั้งนี้ และคำตอบของเขาก็คือ...  ชะตากรรมของโลกใบนี้ ใครเป็นผู้กำหนด...!?', 'Now Available', 0, 295, 276, 'https://www.phoenixnext.com/img/600/744/resize/catalog/product/_/l/_ln_solo_leveling_vol6_jacket_cover.jpg', '2021-07-01', 'https://www.phoenixnext.com/ln0285-01.html', 1005, 1, 4, 4),
(14, 'โซโล่ เลเวลลิ่ง เล่ม 7', 'Solo Leveling 7', 'Solo Leveling 7', 'Fiction,Fantasy', 'เรดที่เกาะเชจูถึงคราวคับขัน ทัพพันธมิตรญี่ปุ่น - เกาหลีใต้ถูกฝูงมดตีแตกพ่าย ฮันเตอร์เกาหลีใต้ถูกโดดเดี่ยวอยู่ในโพรงมดปิดตาย ณ ใจกลางวิกฤตถึงชีวิตของเพื่อนร่วมชาติ ท่ามกลางเสียงประณามจากสาธารณชน ซองจินอู ต้องตัดสินใจอย่างยากลำบากที่สุด สิ่งที่เขาเลือกลงมือทำก็คือ—!?  พลังที่ยิ่งใหญ่ มาพร้อมกับความรับผิดชอบอันใหญ่ยิ่ง', 'Now Available', 0, 295, 280, 'https://www.phoenixnext.com/img/600/744/resize/catalog/product/_/l/_ln_solo_leveling_vol7_cover.jpg', '2021-09-27', 'https://www.phoenixnext.com/ln0318-01.html', 1005, 1, 4, 4),
(15, 'โซโล่ เลเวลลิ่ง เล่ม 8', 'Solo Leveling 8', 'Solo Leveling 8', 'Fiction,Fantasy', 'ปริมาณเกตเพิ่มขึ้นเป็นเท่าตัว ทำให้ทั่วทั้งโลกตกอยู่ในความโกลาหล ซองจินอูต่อสู้โดยใช้ปัญญาและความสามารถที่มี เพื่อปกป้องความเป็นความตายของโลก ทว่าก่อนหน้านั้นยังมีสิ่งหนึ่งที่เขาต้องก้าวผ่าน นั่นคือการต่อสู้ครั้งสุดท้ายและการเสียสละอันสูงส่ง  บททดสอบแห่งวิหารคาร์เธนอน  การต่อสู้อันโดดเดี่ยวของฮีโร่ ผู้เดิมพันกับชะตากรรมของตนได้เริ่มต้นขึ้นอีกครั้ง!', 'Now Available', 0, 295, 252, 'https://www.phoenixnext.com/img/600/744/resize/catalog/product/_/l/_ln_solo_leveling_vol8_cover.jpg', '2021-12-14', 'https://www.phoenixnext.com/ln0335-01.html', 1005, 1, 4, 4),
(16, 'โซโล่ เลเวลลิ่ง เล่ม 9', 'Solo Leveling 9', 'Solo Leveling 9', 'Fiction,Fantasy', 'ซองจินอู เข้าท้าทายกับจุดเริ่มต้นแห่งสรรพสิ่ง  “บททดสอบแห่งวิหารคาร์เธนอน”  วิกฤตเหนือความคาดหมายฉุดลากตัวเขาเข้าสู่เขตแดนแห่งความตาย ทว่าชะตาลิขิตย่อมมาพร้อมปาฏิหาริย์ แม้ตัวจะโดดเดี่ยว แต่หัวใจไม่เคยเดียวดาย ฮันเตอร์ทุกคนพร้อมแลกชีวิตเข้าสู้เพื่อพาตัวจินอูกลับมา  เพราะพวกเขาเหล่านั้น ล้วนเคยได้รับการช่วยชีวิตจากซองจินอูทั้งสิ้น', 'Now Available', 0, 295, 256, 'https://www.phoenixnext.com/img/600/744/resize/catalog/product/_/l/_ln_solo_leveling_vol9_jacket_cover.jpg', '2022-03-18', 'https://www.phoenixnext.com/ln0356-01.html', 1005, 1, 4, 4),
(17, 'โซโล่ เลเวลลิ่ง เล่ม 10', 'Solo Leveling 10', 'Solo Leveling 10', 'Fiction,Fantasy', 'ซองจินอูช่วยกอบกู้ประเทศญี่ปุ่นจากความล่มสลาย ในส่วนลึกของเกต เขาได้พบกับใครคนหนึ่ง . จักรพรรดิแห่งปฐมกาล . จินอูเข้าใกล้ปริศนาลึกลับแห่งพลังของตนเข้าไปอีกก้าว หากคำว่าสงครามที่ได้ฟังจากหนึ่งในจักรพรรดิก็ชวนให้หวั่นวิตก ขณะเดียวกัน งานประชุมกิลด์นานาชาติถูกจัดขึ้นที่อเมริกา ซองจินอูตัดสินใจเข้าร่วมงานพร้อมยูจินโฮในฐานะกิลด์อาจิน ทว่าเบื้องหลังนั้นกลับมีแผนการร้ายของศัตรูเก่าซุกซ่อนอยู่... . ยามฮันเตอร์ระดับชาติผู้ทรงพลังเปิดศึกปะทะกัน ใครเล่าจะกล้ายื่นมือเข้าห้าม', 'Now Available', 0, 295, 284, 'https://www.phoenixnext.com/img/600/744/resize/catalog/product/_/l/_ln_solo_leveling_vol10_jacket_1_.jpg', '2022-07-29', 'https://www.phoenixnext.com/ln0397-01.html', 1005, 1, 4, 4),
(18, 'โซโล่ เลเวลลิ่ง เล่ม 11', 'Solo Leveling 11', 'Solo Leveling 11', 'Fiction,Fantasy', 'บังเกิดความตื่นตะลึงไปทั่วทั้งโลก หลังจากซองจินอูจัดการ ‘ฮันเตอร์ระดับชาติ’ โทมัส อันเดร เสียหมอบ สายตาของคนทั้งโลกก็ยิ่งจับตามองเขามากขึ้นไปอีก ไม่ว่าจะด้วยความชื่นชมยินดีหรือหวาดหวั่นพรั่นพรึง ท่ามกลางสถานการณ์ดังกล่าว สมาคมฮันเตอร์เกาหลีใต้กลับเกิดเรื่องน่าเศร้า ความสูญเสียอันใหญ่หลวงที่ไม่อาจทวงคืนได้นี้ ซองจินอูสาบานกับตัวเองว่าเขาจะล้างแค้นให้ได้', 'Now Available', 0, 295, 276, 'https://www.phoenixnext.com/img/600/744/resize/catalog/product/l/n/ln0432-01.jpg', '2022-08-29', 'https://www.phoenixnext.com/ln0432-01.html', 1005, 1, 4, 4),
(19, 'โซโล่ เลเวลลิ่ง เล่ม 12', 'Solo Leveling 12', 'Solo Leveling 12', 'Fiction,Fantasy', 'โลกนี้อาจถึงกาลปาวสาน เมื่อฮันเตอร์ผู้แข็งแกร่งที่สุดในโลกเกิดพลาดพลั้ง ความสิ้นหวังสุดหยั่งคืบคลานและเกาะกุมในหัวใจของทุกคน จุดดับของวิญญาณช่วยเผยปริศนาของสกิลลับ ‘ดวงใจสีดำ’ ในมิติแห่งอดีตอันผาสุก ซองจินอูได้พบกับใครคนหนึ่ง เป็นการพบกันครั้งแรก หากขณะเดียวกันก็เป็นครั้งสุดท้าย  “ข้าคือเจ้า และเจ้าก็คือข้า”', 'Now Available', 0, 295, 280, 'https://www.phoenixnext.com/img/600/744/resize/catalog/product/_/l/_ln_solo_leveling_12_jacket_cover.jpg', '2022-11-23', 'https://www.phoenixnext.com/ln0463-01.html', 1005, 1, 4, 4),
(22, '	\r\nนิตยสารเบ็นเท็น พลังเอเลี่ยน เล่ม 1', 'Ben 10 Alien Force Magazine Vol.1', 'Ben 10 Alien Force Magazine Vol.1', 'Fantasy,Science Fiction,Mystery,Comic,SuperHero,Drama', 'No Detail', 'Now Available', 4.88, 39, 0, 'https://storage.naiin.com/system/application/bookstore/resource/product/201106/19667/1000109518_XXL.jpg?imgname=BEN-10-%E0%B8%9E%E0%B8%A5%E0%B8%B1%E0%B8%87%E0%B9%80%E0%B8%AD%E0%B9%80%E0%B8%A5%E0%B8%B5%E0%B9%88%E0%B8%A2%E0%B8%99-%E0%B9%80%E0%B8%A5%E0%B9%88%E0%B8%A1-1', '2024-08-09', 'https://www.se-ed.com/product/%E0%B8%99%E0%B8%B4%E0%B8%95%E0%B8%A2%E0%B8%AA%E0%B8%B2%E0%B8%A3%E0%B9%80%E0%B8%9A%E0%B9%87%E0%B8%99%E0%B9%80%E0%B8%97%E0%B9%87%E0%B8%99-%E0%B8%9E%E0%B8%A5%E0%B8%B1%E0%B8%87%E0%B9%80%E0%B8%AD%E0%B9%80%E0%B8%A5%E0%B8%B5%E0%B9%88%E0%B8%A2%E0%B8%99-%E0%B9%80%E0%B8%A5%E0%B9%88%E0%B8%A1-1-Ben-10-Alien-Force-Magazine-Vol-1.aspx?no=9786162250293', 1006, 1, 5, 5),
(23, '	\r\nนิตยสารเบ็นเท็น พลังเอเลี่ยน เล่ม 2', 'Ben 10 Alien Force Magazine Vol.2', 'Ben 10 Alien Force Magazine Vol.2', 'Fantasy,Science Fiction,Mystery,Comic,SuperHero,Drama', 'No Detail', 'Now Available', 4.88, 39, 0, 'https://storage.naiin.com/system/application/bookstore/resource/product/201106/19667/1000109518_XXL.jpg?imgname=BEN-10-%E0%B8%9E%E0%B8%A5%E0%B8%B1%E0%B8%87%E0%B9%80%E0%B8%AD%E0%B9%80%E0%B8%A5%E0%B8%B5%E0%B9%88%E0%B8%A2%E0%B8%99-%E0%B9%80%E0%B8%A5%E0%B9%88%E0%B8%A1-1', '2024-08-09', 'https://www.se-ed.com/product/%E0%B8%99%E0%B8%B4%E0%B8%95%E0%B8%A2%E0%B8%AA%E0%B8%B2%E0%B8%A3%E0%B9%80%E0%B8%9A%E0%B9%87%E0%B8%99%E0%B9%80%E0%B8%97%E0%B9%87%E0%B8%99-%E0%B8%9E%E0%B8%A5%E0%B8%B1%E0%B8%87%E0%B9%80%E0%B8%AD%E0%B9%80%E0%B8%A5%E0%B8%B5%E0%B9%88%E0%B8%A2%E0%B8%99-%E0%B9%80%E0%B8%A5%E0%B9%88%E0%B8%A1-2-Ben-10-Alien-Force-Magazine-Vol-2.aspx?no=9786162250347', 1006, 1, 5, 5),
(24, '	\r\nนิตยสารเบ็นเท็น พลังเอเลี่ยน เล่ม 3', 'Ben 10 Alien Force Magazine Vol.3', 'Ben 10 Alien Force Magazine Vol.3', 'Fantasy,Science Fiction,Mystery,Comic,SuperHero,Drama', 'No Detail', 'Now Available', 4.88, 39, 0, 'https://storage.naiin.com/system/application/bookstore/resource/product/201106/19667/1000109518_XXL.jpg?imgname=BEN-10-%E0%B8%9E%E0%B8%A5%E0%B8%B1%E0%B8%87%E0%B9%80%E0%B8%AD%E0%B9%80%E0%B8%A5%E0%B8%B5%E0%B9%88%E0%B8%A2%E0%B8%99-%E0%B9%80%E0%B8%A5%E0%B9%88%E0%B8%A1-1', '2024-08-09', 'https://www.se-ed.com/product/%E0%B8%99%E0%B8%B4%E0%B8%95%E0%B8%A2%E0%B8%AA%E0%B8%B2%E0%B8%A3%E0%B9%80%E0%B8%9A%E0%B9%87%E0%B8%99%E0%B9%80%E0%B8%97%E0%B9%87%E0%B8%99-%E0%B8%9E%E0%B8%A5%E0%B8%B1%E0%B8%87%E0%B9%80%E0%B8%AD%E0%B9%80%E0%B8%A5%E0%B8%B5%E0%B9%88%E0%B8%A2%E0%B8%99-%E0%B9%80%E0%B8%A5%E0%B9%88%E0%B8%A1-3-Ben-10-Alien-Force-Magazine-Vol-3.aspx?no=9786162250484', 1006, 1, 5, 5),
(25, '	\r\nนิตยสารเบ็นเท็น พลังเอเลี่ยน เล่ม 4', 'Ben 10 Alien Force Magazine Vol.4', 'Ben 10 Alien Force Magazine Vol.4', 'Fantasy,Science Fiction,Mystery,Comic,SuperHero,Drama', 'No Detail', 'Now Available', 4.88, 39, 0, 'https://storage.naiin.com/system/application/bookstore/resource/product/201106/19667/1000109518_XXL.jpg?imgname=BEN-10-%E0%B8%9E%E0%B8%A5%E0%B8%B1%E0%B8%87%E0%B9%80%E0%B8%AD%E0%B9%80%E0%B8%A5%E0%B8%B5%E0%B9%88%E0%B8%A2%E0%B8%99-%E0%B9%80%E0%B8%A5%E0%B9%88%E0%B8%A1-1', '2024-08-09', 'https://www.se-ed.com/product/%E0%B8%99%E0%B8%B4%E0%B8%95%E0%B8%A2%E0%B8%AA%E0%B8%B2%E0%B8%A3%E0%B9%80%E0%B8%9A%E0%B9%87%E0%B8%99%E0%B9%80%E0%B8%97%E0%B9%87%E0%B8%99-%E0%B8%9E%E0%B8%A5%E0%B8%B1%E0%B8%87%E0%B9%80%E0%B8%AD%E0%B9%80%E0%B8%A5%E0%B8%B5%E0%B9%88%E0%B8%A2%E0%B8%99-%E0%B9%80%E0%B8%A5%E0%B9%88%E0%B8%A1-4-Ben-10-Alien-Force-Magazine-Vol-4.aspx?no=9786162250576', 1006, 1, 5, 5),
(26, '	\r\nนิตยสารเบ็นเท็น พลังเอเลี่ยน เล่ม 5', 'Ben 10 Alien Force Magazine Vol.5', 'Ben 10 Alien Force Magazine Vol.5', 'Fantasy,Science Fiction,Mystery,Comic,SuperHero,Drama', 'No Detail', 'Now Available', 4.88, 39, 0, 'https://storage.naiin.com/system/application/bookstore/resource/product/201106/19667/1000109518_XXL.jpg?imgname=BEN-10-%E0%B8%9E%E0%B8%A5%E0%B8%B1%E0%B8%87%E0%B9%80%E0%B8%AD%E0%B9%80%E0%B8%A5%E0%B8%B5%E0%B9%88%E0%B8%A2%E0%B8%99-%E0%B9%80%E0%B8%A5%E0%B9%88%E0%B8%A1-1', '2024-08-09', 'https://www.se-ed.com/product/%E0%B8%99%E0%B8%B4%E0%B8%95%E0%B8%A2%E0%B8%AA%E0%B8%B2%E0%B8%A3%E0%B9%80%E0%B8%9A%E0%B9%87%E0%B8%99%E0%B9%80%E0%B8%97%E0%B9%87%E0%B8%99-%E0%B8%9E%E0%B8%A5%E0%B8%B1%E0%B8%87%E0%B9%80%E0%B8%AD%E0%B9%80%E0%B8%A5%E0%B8%B5%E0%B9%88%E0%B8%A2%E0%B8%99-%E0%B9%80%E0%B8%A5%E0%B9%88%E0%B8%A1-5-Ben-10-Alien-Force-Magazine-Vol-5-%E0%B8%8A%E0%B8%B8%E0%B8%94%E0%B8%AA%E0%B8%B0%E0%B8%AA%E0%B8%A1%E0%B8%AA%E0%B8%B3%E0%B8%AB%E0%B8%A3%E0%B8%B1%E0%B8%9A%E0%B9%82%E0%B8%9B%E0%B8%AA%E0%B9%80%E0%B8%95%E0%B8%AD%E0%B8%A3%E0%B9%8C%E0%B9%81%E0%B8%AA%E0%B8%94%E0%B8%87%E0%B8%82%E0%B8%99%E0%B8%B2%E0%B8%94.aspx?no=9786162250668', 1006, 1, 5, 5),
(27, '	\nนิตยสารเบ็นเท็น พลังเอเลี่ยน เล่ม 6', 'Ben 10 Alien Force Magazine Vol.6', 'Ben 10 Alien Force Magazine Vol.6', 'Fantasy,Science Fiction,Mystery,Comic,SuperHero,Drama', 'No Detail', 'Now Available', 4.88, 39, 0, 'https://storage.naiin.com/system/application/bookstore/resource/product/201106/19667/1000109518_XXL.jpg?imgname=BEN-10-%E0%B8%9E%E0%B8%A5%E0%B8%B1%E0%B8%87%E0%B9%80%E0%B8%AD%E0%B9%80%E0%B8%A5%E0%B8%B5%E0%B9%88%E0%B8%A2%E0%B8%99-%E0%B9%80%E0%B8%A5%E0%B9%88%E0%B8%A1-1', '2024-08-09', 'https://www.se-ed.com/product/%E0%B8%99%E0%B8%B4%E0%B8%95%E0%B8%A2%E0%B8%AA%E0%B8%B2%E0%B8%A3%E0%B9%80%E0%B8%9A%E0%B9%87%E0%B8%99%E0%B9%80%E0%B8%97%E0%B9%87%E0%B8%99-%E0%B8%9E%E0%B8%A5%E0%B8%B1%E0%B8%87%E0%B9%80%E0%B8%AD%E0%B9%80%E0%B8%A5%E0%B8%B5%E0%B9%88%E0%B8%A2%E0%B8%99-%E0%B9%80%E0%B8%A5%E0%B9%88%E0%B8%A1-6-Ben-10-Alien-Force-Magazine-Vol-6.aspx?no=9786162250880', 1006, 1, 5, 5),
(28, '	\nนิตยสารเบ็นเท็น พลังเอเลี่ยน เล่ม 7', 'Ben 10 Alien Force Magazine Vol.7', 'Ben 10 Alien Force Magazine Vol.7', 'Fantasy,Science Fiction,Mystery,Comic,SuperHero,Drama', 'No Detail', 'Now Available', 4.88, 39, 0, 'https://storage.naiin.com/system/application/bookstore/resource/product/201106/19667/1000109518_XXL.jpg?imgname=BEN-10-%E0%B8%9E%E0%B8%A5%E0%B8%B1%E0%B8%87%E0%B9%80%E0%B8%AD%E0%B9%80%E0%B8%A5%E0%B8%B5%E0%B9%88%E0%B8%A2%E0%B8%99-%E0%B9%80%E0%B8%A5%E0%B9%88%E0%B8%A1-1', '2024-08-09', 'https://www.se-ed.com/product/%E0%B8%99%E0%B8%B4%E0%B8%95%E0%B8%A2%E0%B8%AA%E0%B8%B2%E0%B8%A3%E0%B9%80%E0%B8%9A%E0%B9%87%E0%B8%99%E0%B9%80%E0%B8%97%E0%B9%87%E0%B8%99-%E0%B8%9E%E0%B8%A5%E0%B8%B1%E0%B8%87%E0%B9%80%E0%B8%AD%E0%B9%80%E0%B8%A5%E0%B8%B5%E0%B9%88%E0%B8%A2%E0%B8%99-%E0%B9%80%E0%B8%A5%E0%B9%88%E0%B8%A1-7-Ben-10-Alien-Force-Magazine-Vol-7.aspx?no=9786162250972', 1006, 1, 4, 5),
(29, '	\nนิตยสารเบ็นเท็น พลังเอเลี่ยน เล่ม 8', 'Ben 10 Alien Force Magazine Vol.8', 'Ben 10 Alien Force Magazine Vol.8', 'Fantasy,Science Fiction,Mystery,Comic,SuperHero,Drama', 'No Detail', 'Now Available', 4.88, 39, 0, 'https://storage.naiin.com/system/application/bookstore/resource/product/201106/19667/1000109518_XXL.jpg?imgname=BEN-10-%E0%B8%9E%E0%B8%A5%E0%B8%B1%E0%B8%87%E0%B9%80%E0%B8%AD%E0%B9%80%E0%B8%A5%E0%B8%B5%E0%B9%88%E0%B8%A2%E0%B8%99-%E0%B9%80%E0%B8%A5%E0%B9%88%E0%B8%A1-1', '2024-08-09', 'https://www.se-ed.com/product/%E0%B8%99%E0%B8%B4%E0%B8%95%E0%B8%A2%E0%B8%AA%E0%B8%B2%E0%B8%A3%E0%B9%80%E0%B8%9A%E0%B9%87%E0%B8%99%E0%B9%80%E0%B8%97%E0%B9%87%E0%B8%99-%E0%B8%9E%E0%B8%A5%E0%B8%B1%E0%B8%87%E0%B9%80%E0%B8%AD%E0%B9%80%E0%B8%A5%E0%B8%B5%E0%B9%88%E0%B8%A2%E0%B8%99-%E0%B9%80%E0%B8%A5%E0%B9%88%E0%B8%A1-6-Ben-10-Alien-Force-Magazine-Vol-6.aspx?no=9786162250880', 1006, 1, 4, 5),
(30, 'โนเกม โนไลฟ์ เล่ม 1', 'NO GAME NO LIFE Vol.1', 'ノーゲーム・ノーライフ', 'Fiction,Fantasy,Science Fiction,Light Novel', 'โซระและชิโระเป็นสองพี่น้องที่เล่นเกมเก่งระดับเทพ แต่ก็เป็นนีทและฮิคิโคโมริด้วย วันหนึ่งพวกเขาถูกเชิญไปที่โลกต่างมิติ ที่นั่นเป็นโลกที่ตัดสินทุกอย่างด้วยเกม ไม่ว่าจะเป็นอาหาร เงินทอง หรือแม้แต่เขตแดนประเทศ! แม้จะเป็นคนไม่ได้เรื่องในความเป็นจริง แต่สองพี่น้องจะช่วยเผ่ามนุษย์ในต่างโลกให้รอดพ้นจากวิกฤติได้หรือไม่?   เอาล่ะ มาเริ่มเกมกันเถอะ!', 'Now Available', 0, 200, 345, 'https://cdn-local.mebmarket.com/meb/server1/157909/Thumbnail/book_detail_large.gif?2', '2014-08-09', 'https://www.animagshop.com/product/7/animag-no-game-no-life-%E0%B9%82%E0%B8%99%E0%B9%80%E0%B8%81%E0%B8%A1-%E0%B9%82%E0%B8%99%E0%B9%84%E0%B8%A5%E0%B8%9F%E0%B9%8C-novel-%E0%B9%80%E0%B8%A5%E0%B9%88%E0%B8%A1-1', 1008, 1, 6, 6),
(31, 'โนเกม โนไลฟ์ เล่ม 2', 'NO GAME NO LIFE Vol.2', 'ノーゲーム・ノーライフ 2', 'Fiction,Fantasy,Science Fiction,Light Novel', 'หลังจากช่วยเผ่ามนุษย์ที่กำลังจะล่มสลาย โซระกับชิโระก็กลายเป็นราชากับราชินีแห่งอิมานิตี้ ทั้งสองเริ่มเก็บรวบรวมข้อมูลของเผ่าต่างๆ ด้วยการท้าสู้กับคนของเผ่าปีกสวรรค์ผู้รอบรู้ในเมืองเอลเคีย และไปท้าพนันกับเผ่าครึ่งคนครึ่งสัตว์จากประเทศพันธมิตรตะวันออก เพื่อชิงดินแดนที่เคยเป็นของเผ่ามนุษย์กลับคืนมา!!   เอาล่ะ มายึดครองอาณาจักรสาวน้อยหูสัตว์กันเถอะ!', 'Now Available', 0, 200, 343, 'https://cdn-local.mebmarket.com/meb/server1/157910/Thumbnail/book_detail_large.gif?2', '2015-02-08', 'https://www.animagshop.com/product/9/animag-no-game-no-life-%E0%B9%82%E0%B8%99%E0%B9%80%E0%B8%81%E0%B8%A1-%E0%B9%82%E0%B8%99%E0%B9%84%E0%B8%A5%E0%B8%9F%E0%B9%8C-novel-%E0%B9%80%E0%B8%A5%E0%B9%88%E0%B8%A1-2', 1008, 1, 6, 6),
(32, 'โนเกม โนไลฟ์ เล่ม 3', 'NO GAME NO LIFE Vol.3', 'ノーゲーム・ノーライフ 3', 'Fiction,Fantasy,Science Fiction,Light Novel', 'ณ ‘ดิสบอร์ด’ โลกที่ทุกสิ่งตัดสินด้วยเกม สองพี่น้องเกมเมอร์อัจฉริยะจากต่างโลก ได้กลายเป็นราชาของเผ่ามนุษย์ และเริ่มเล่นเกมเพื่อฟื้นจากสภาพสิ้นหวัง โดยเดิมพันทุกสิ่งทุกอย่างบนแผ่นดินใหญ่ของประเทศอันดับสาม ‘พันธมิตรตะวันออก’ ด้วย ‘สิทธิทั้งหมดของเผ่ามนุษย์’ ทว่า หลังจากนั้นโซระกลับหายไปโดยทิ้งคำพูดปริศนาไว้— ...เกมเมอร์สองคนรวมเป็นหนึ่ง ‘      (คูฮะคุ)’ ถูกแยกจากกัน เจตนาของโซระที่หายไป ชิโระที่ถูกทิ้งไว้ ชะตากรรมของมนุษย์นั้น! และหนทางของสวนสวรรค์ล่ะ—!?  “บอกไปแล้วนี่ว่า ‘เชคเมท’ ไงล่ะพวกแกน่ะ...ถึงทางตันแล้ว” สู่ผลตัดสินของศึกเวอร์บีสต์  —แผนการอันตรายราวกับเดินบนแผ่นน้ำแข็งบางๆ เริ่มเป็นรูปเป็นร่าง แฟนตาซีต่างโลกชื่อดังเล่มที่สาม!', 'Now Available', 0, 200, 389, 'https://cdn-local.mebmarket.com/meb/server1/157911/Thumbnail/book_detail_large.gif?2', '2015-10-01', 'https://www.animagshop.com/product/10/animag-no-game-no-life-%E0%B9%82%E0%B8%99%E0%B9%80%E0%B8%81%E0%B8%A1-%E0%B9%82%E0%B8%99%E0%B9%84%E0%B8%A5%E0%B8%9F%E0%B9%8C-novel-%E0%B9%80%E0%B8%A5%E0%B9%88%E0%B8%A1-3', 1008, 1, 6, 6),
(33, 'โนเกม โนไลฟ์ เล่ม 4', 'NO GAME NO LIFE Vol.4', 'ノーゲーム・ノーライフ 4', 'Fiction,Fantasy,Science Fiction,Light Novel', '‘ดิสบอร์ด’ โลกที่ทุกสิ่งตัดสินด้วยเกม เปิดศึกกับศัตรูที่ใช้ทั้งเวทมนตร์และพลังพิเศษอย่างต่อเนื่อง แต่สองพี่น้องเกมเมอร์ก็ยังคงไร้พ่าย ทว่า ความจริงแล้วเกมที่ทั้งสองไม่สามารถเคลียได้ก็ยังมีอยู่‘สองชนิด’และผู้ที่มาหาทั้งสองซึ่งพักผ่อนพันธมิตรตะวันออกก็คือ พลัม ซึ่งเป็นเผ่าปีศาจดูดเลือดแดมพีร์ โซระกับชิโระที่ต้องไปช่วยเผ่าพันธุ์ให้พ้นจากอันตราย ทว่า เนื้อหาของเกมนั้นกลับเป็นหนึ่งในเกมที่ทั้งสองยังไม่สามารถเคลียร์ได้  ‘เกมความรักของจริง’ นั้นเองเวทีคือทะเลสีฟ้า!ดอกไม้แห่งความรักจะผลิบานหรือไม่!  คราวนี้จะดำเนินไปอย่างเบาๆ เป็นแฟนตาซีต่างโลกแบบเบาๆ เล่มสี่......?!', 'Now Available', 0, 200, 345, 'https://fs.lnwfile.com/_/fs/_raw/l9/v8/fb.jpg', '2015-10-01', 'https://www.animagshop.com/product/11/animag-no-game-no-life-%E0%B9%82%E0%B8%99%E0%B9%80%E0%B8%81%E0%B8%A1-%E0%B9%82%E0%B8%99%E0%B9%84%E0%B8%A5%E0%B8%9F%E0%B9%8C-novel-%E0%B9%80%E0%B8%A5%E0%B9%88%E0%B8%A1-4', 1008, 1, 6, 6),
(34, 'โนเกม โนไลฟ์ เล่ม 5', 'NO GAME NO LIFE Vol.5', 'ノーゲーム・ノーライフ 5', 'Fiction,Fantasy,Science Fiction,Light Novel', 'เพื่อค้นหาวิธีเอาชนะเกมของราชินีแห่งเผ่าเซเรน สองพี่น้องโซระและชิโระจึงต้องไปเมืองลอยฟ้า อแวนท์ ไฮม์ของเผ่าฟลูเกล และเข้าแข่งขันเกมกับหัวหน้าผู้ปกครองของที่นั่นซึ่งเป็นรุ่นพี่ของจิบริลทว่า จิบริลกลับวางแผนอะไรบางอย่างไว้กับเกมนั้นโดยที่ทั้งสองพี่น้องไม่รู้มาก่อน ‘       (คูฮะคุ)’ จะต้องเล่นเกมเหนือจินตนาการที่ถูกเตรียมไว้ล่วงหน้า และนั่นจะเป็นกับดักหรือหนทางแห่งชัยชนะกันแน่!? แล้วนางเงือกน้อยที่เรียกโซระว่า “ป๊ะป๋า” คือใครกัน!?  วันที่ XX เดือน XX ปี XXXXXX—มาสเตอร์มีลูกทั้งที่ยังซิง', 'Now Available', 0, 250, 399, 'https://cdn-local.mebmarket.com/meb/server1/157913/Thumbnail/book_detail_large.gif?2', '2015-03-01', 'https://www.animagshop.com/product/12/animag-no-game-no-life-%E0%B9%82%E0%B8%99%E0%B9%80%E0%B8%81%E0%B8%A1-%E0%B9%82%E0%B8%99%E0%B9%84%E0%B8%A5%E0%B8%9F%E0%B9%8C-novel-%E0%B9%80%E0%B8%A5%E0%B9%88%E0%B8%A1-5', 1008, 1, 6, 6),
(35, 'โนเกม โนไลฟ์ เล่ม 6', 'NO GAME NO LIFE Vol.6', 'ノーゲーム・ノーライフ 6', 'Fiction,Fantasy,Science Fiction,Light Novel', 'เทโตะ พระเจ้าแห่งการละเล่นปลอมตัวเป็นมนุษย์แล้วเกิดหิวโซจนเป็นลมกลางถนน อิซึนะบังเอิญผ่านมาเจอก็เลยแบ่งอาหารให้เขา เทโตะจึงเล่าเรื่องหนึ่งให้ฟังเป็นการตอบแทน...มันเป็นเรื่องราวเมื่อกว่าหกพันปีที่แล้ว จุดเริ่มต้นของ “พันธสัญญาทั้งสิบ” ซึ่งเริ่มจากการที่ชายเผ่ามนุษย์คนหนึ่ง และเด็กสาวเผ่าเอ็กซ์มาคิน่าจับมือกันรวมเป็นหนึ่งและต่อสู้ (เล่นเกม) เพื่อตำแหน่ง “พระเจ้าสูงสุด”  โลกใบนี้มันก็แค่เกม เอาล่ะ มาพิชิตโลกนี้กันเถอะ!', 'Now Available', 0, 250, 439, 'https://fs.lnwfile.com/_/fs/_raw/28/87/2k.jpg', '2015-10-01', 'https://www.animagshop.com/product/13/animag-no-game-no-life-%E0%B9%82%E0%B8%99%E0%B9%80%E0%B8%81%E0%B8%A1-%E0%B9%82%E0%B8%99%E0%B9%84%E0%B8%A5%E0%B8%9F%E0%B9%8C-novel-%E0%B9%80%E0%B8%A5%E0%B9%88%E0%B8%A1-6', 1008, 1, 6, 6),
(36, 'โนเกม โนไลฟ์ เล่ม 7', 'NO GAME NO LIFE Vol.7', 'ノーゲーム・ノーライフ 7', 'Fiction,Fantasy,Science Fiction,Light Novel', 'โซระกับชิโระยกพวกรวมเจ็ดคนมาท้าเล่นเกมกับโอลด์เดอุส เผ่าพันธุ์ที่อยู่เหนือสุดของการจัดลำดับชั้นทั้งหมด แต่ก่อนจะเริ่มเกมพวกโซระกลับถูกยึดความทรงจำไป และต้องเล่นเกมโดยที่มี “คนทรยศ” อยู่ในกลุ่ม สุดท้ายแล้วสองพี่น้องจะสามารถคว้าชัยชนะในเกมที่มี “เทพเจ้า” เป็นคู่ต่อสู้ได้หรือไม่!?  “งั้นมาเริ่มเกมกันเลยไหม ท่านเทพเจ้าจอมเกะกะ?”', 'Now Available', 0, 230, 453, 'https://cdn-local.mebmarket.com/meb/server1/161963/Thumbnail/book_detail_large.gif?5', '2016-03-01', 'https://cdn-local.mebmarket.com/meb/server1/161963/Thumbnail/book_detail_large.gif?5', 1008, 1, 6, 6),
(37, 'โนเกม โนไลฟ์ เล่ม 8', 'NO GAME NO LIFE Vol.8', 'ノーゲーム・ノーライフ 8', 'Fiction,Fantasy,Science Fiction,Light Novel', 'ขณะที่โซระ ชิโระ และสเตฟเข้าใกล้เส้นชัย กลับต้องแข่งมินิเกมกับจิบริล โดยมีเงื่อนไขว่าฝ่ายใดฝ่ายหนึ่งต้องตายเมื่อจบเกม! อีกด้านหนึ่ง อิโนะต้องรับมือกับฟีล คลามี่และพลัมโดยมีพันธมิตรตะวันออกเป็นเดิมพัน เหตุการณ์รุมเร้าที่มีแต่การสูญเสียรออยู่ ณ ปลายทาง สองพี่น้องจะสามารถก้าวข้าม “ข้อกำหนด” นี้ได้หรือไม่!?   เตรียมใจไว้นะชิโระ นี่เป็นความพ่ายแพ้ครั้งแรกของ ‘           (คูฮะคุ)’', 'Now Available', 0, 230, 442, 'https://cdn-local.mebmarket.com/meb/server1/161963/Thumbnail/book_detail_large.gif?5', '2016-10-01', 'https://www.animagshop.com/product/15/animag-no-game-no-life-%E0%B9%82%E0%B8%99%E0%B9%80%E0%B8%81%E0%B8%A1-%E0%B9%82%E0%B8%99%E0%B9%84%E0%B8%A5%E0%B8%9F%E0%B9%8C-novel-%E0%B9%80%E0%B8%A5%E0%B9%88%E0%B8%A1-8', 1008, 1, 6, 6),
(38, 'โนเกม โนไลฟ์ เล่ม 9', 'NO GAME NO LIFE Vol.9', 'ノーゲーム・ノーライフ 9', 'Fiction,Fantasy,Science Fiction,Light Novel', 'พวกโซระประกาศ “หยุดงานราชการ” แล้วเริ่มปั้นเทพโฮโรให้กลายเป็นท็อปไอดอลระดับประเทศ แต่ระหว่างที่พวกเขากำลังเตรียมงานแสดงคอนเสิร์ตของโฮโร เผ่าเอ็กซ์มาคิน่าก็บุกเข้ามาถึงในปราสาท และเรียกร้องให้โซระยอมเป็นคู่รักของพวกตนเพื่อสร้างเครื่องใหม่ที่ถือกำเนิดกับโซระ ทว่าหนึ่งในนั้นกลับมีเครื่องจักรเพศชายอยู่ด้วย...   “         (คูฮะคุ)” กับปฏิบัติการปั้นเทพเจ้าให้เป็นไอดอล!', 'Now Available', 0, 230, 457, 'https://fs.lnwfile.com/_/fs/_raw/yn/kg/uo.jpg', '2017-03-01', 'https://www.animagshop.com/product/432/animag-no-game-no-life-%E0%B9%82%E0%B8%99%E0%B9%80%E0%B8%81%E0%B8%A1-%E0%B9%82%E0%B8%99%E0%B9%84%E0%B8%A5%E0%B8%9F%E0%B9%8C-novel-%E0%B9%80%E0%B8%A5%E0%B9%88%E0%B8%A1-9', 1008, 1, 6, 6),
(39, 'โนเกม โนไลฟ์ เล่ม 10', 'NO GAME NO LIFE Vol.10', 'ノーゲーム・ノーライフ 10', 'Fiction,Fantasy,Science Fiction,Light Novel', ' โนเกม โนไลฟ์ 10 ดูเหมือนสองพี่น้องเกมเมอร์จะถูกให้จ่ายหนี้ (ในอดีต) ซะแล้วครับ โลกที่ทุกสิ่งตัดสินด้วยเกม ‘ดิสบอร์ด’ —โซระกับชิโระที่ถูกขับจากบัลลังก์เพราะการรัฐประหาร ได้ไปเล่นเป็นร้านขายยาอย่างสนุกสนาน ระหว่างที่สายตาเย็นชาของคลามี่ซึ่งส่งมาหาทั้งสอง ที่เสียคุณค่าในตัวตนทางสังคมที่เคยฝืนรักษาไว้ได้ด้วยตำแหน่งตัวแทนผู้มีสิทธิ์ทั้งหมดของอิมานิตี้ไป  ก็มีจดหมายจากอันดับแปดของการจัดระดับชั้น ‘ดวอร์ฟ’ ส่งมา  นั่นคือเรื่องที่ใครบางคนควรจะถามสองพี่น้องที่เป็นคนนอก (คนต่างโลก)—“...ทำไมถึงหนีมาจากโลกของแกห๊ะ?” —หนีจากทุกสิ่ง แต่ก็ยังมี “หนี้ (อดีต)” ที่หนีไม่ได้ คำพูดที่เรียกหาการจ่ายหนี้นั้น...และก็! “เอ้า มาต่อยก็เลยโว้ย!? ขอฟัง ‘จิตวิญญาณ’ ของแกหน่อยเซ่ ไอ้โรคจิต (คนชอบหน้าอกแบน) เอ๋ย—!!”  เป็นเสียงคำรามที่ถามถึงความชอบของหน้าอก—!? แฟนตาซีต่างโลกชื่อดัง มาถึงเล่มที่ 10 แล้ว!!', 'Now Available', 0, 260, 497, 'https://cdn-local.mebmarket.com/meb/server1/161967/Thumbnail/book_detail_large.gif?2', '2018-10-09', 'https://www.animagshop.com/product/684/animag-no-game-no-life-%E0%B9%82%E0%B8%99%E0%B9%80%E0%B8%81%E0%B8%A1-%E0%B9%82%E0%B8%99%E0%B9%84%E0%B8%A5%E0%B8%9F%E0%B9%8C-novel-%E0%B9%80%E0%B8%A5%E0%B9%88%E0%B8%A1-10', 1008, 1, 6, 6),
(40, 'โนเกม โนไลฟ์ เล่ม 11', 'NO GAME NO LIFE Vol.11', 'ノーゲーム・ノーライフ 11', 'Fiction,Fantasy,Science Fiction,Light Novel', 'โลกที่ตัดสินทุกอย่างด้วยเกม \'ดิสบอร์ด\' จู่ ๆ ชิโระกับโซระ สเตฟ จิบริล  และอิมิลไอน์ก็ตื่นขึ้นมาในห้องที่ไม่เคยเห็นมาก่อน ผู้ที่ปรากฏตัวขึ้นต่อหน้าพวกเขาซึ่งไม่มีความทรงจำก่อนหน้านี้คือ โฟเอนิคุลัม เผ่า \"แฟรี่\" ที่อยู่ในลำดับที่ 9!  \"ว่าไงจ๊ะทุกโคนน!! เค้ามาส่งมอบโปรแกรมไลฟ์ส่วนตัว  มิติที่ถ้าไม่เป็นแฟนกันก็ออกไปจากที่นี่ไม่ได้\' แล้วนะคะ--\" จู่ ๆ ก็ต้องเริ่มเผยแพร่ไลฟ์สดในต่างโลก! โซระจะเอาชนะชะตากรรมของโลกด้วยการหาแฟนสาวจากนางเอกสี่คนได้หรือเปล่า--  \"เฮ้ย นี่มันการจับคู่ยูริสองคู่โดยปล่อยตูทิ้งไว้เป็นหมาหัวเน่าไม่ใช่เรอะ!?\" โซระคร่ำครวญถึงความพ่ายแพ้ที่แน่นอน! แล้วความรักของพวกชิโระจะเป็นเช่นไร!?    เชิญติดตามได้ในนิยายแฟนตาซีต่างโลกยอดนิยมเล่มที่ 11!!', 'Now Available', 0, 290, 527, 'https://fs.lnwfile.com/_/fs/_raw/xa/39/p8.jpg', '2022-04-28', 'https://www.animagshop.com/product/1124/animag-no-game-no-life-%E0%B9%82%E0%B8%99%E0%B9%80%E0%B8%81%E0%B8%A1-%E0%B9%82%E0%B8%99%E0%B9%84%E0%B8%A5%E0%B8%9F%E0%B9%8C-novel-%E0%B9%80%E0%B8%A5%E0%B9%88%E0%B8%A1-11', 1008, 1, 6, 6),
(41, 'โนเกม โนไลฟ์ เล่ม 12', 'NO GAME NO LIFE Vol.12', 'ノーゲーム・ノーライフ 12', 'Fiction,Fantasy,Science Fiction,Light Novel', '‘ดิสบอร์ด’ โลกที่ทุกสิ่งตัดสินด้วยเกม— หนึ่งปีแล้วที่โซระกับชิโระซึ่งพอรู้สึกตัวก็มายังโลกแห่งนี้ ระหว่างที่โลกแตกแยกเป็นสองฝั่งและกำลังจะเข้าปะทะกันได้ทุกวินาที ก็มีเดโมเนียผู้ไม่อ่านบรรยากาศปรากฏตัวต่อหน้าพวกโซระ ที่ยังไม่สามารถหาแผนรับมือที่เหมาะสมได้—และ ‘ราชาปีศาจ’ ปรากฏตัวขึ้นกะทันหัน!  “คึ~ฮะฮะฮ่า!! จงตัวสั่นด้วยความหวาดกลัวซะเถิดกลุ่มผู้กล้า! ในที่สุดก็ถึงเวลาที่พวกเรากองทัพราชาปีศาจจะทำลายล้างโลกแล้ว!!” “ต่อให้จะทำลายล้างโลกมันก็ไม่ใช่ตอนนี้สิโว้ยอ่านบรรยากาศซะบ้างเหอะบรรยากาศน่ะ!”  —สุดท้ายแล้วพวกโซระที่ชะตาของผู้กล้าอะไรไม่ได้ถูกปลุกขึ้นมาเลย ก็มุ่งหน้าไปยังดันเจี้ยนที่ได้รับการกล่าวขานว่าไม่มีทางพิชิตได้ ‘หอคอยราชาปีศาจ’ และต้องต่อสู้โดยใช้เพียงแค่ “ความหวัง” เป็นอาวุธ—!?    แฟนตาซีต่างโลกชื่อดัง เล่ม 12 มาแล้ว!!', 'Now Available', 0, 290, 483, 'https://cdn-local.mebmarket.com/meb/server1/268951/Thumbnail/book_detail_large.gif?2', '2023-09-29', 'https://www.animagshop.com/product/1438/animag-no-game-no-life-%E0%B9%82%E0%B8%99%E0%B9%80%E0%B8%81%E0%B8%A1-%E0%B9%82%E0%B8%99%E0%B9%84%E0%B8%A5%E0%B8%9F%E0%B9%8C-novel-%E0%B9%80%E0%B8%A5%E0%B9%88%E0%B8%A1-12', 1008, 1, 6, 6),
(42, 'โนเกม โนไลฟ์ (แพรคติคัล วอร์ เกม)', 'No Game No Life Gaiden: Practical War Game ', 'ノーゲーム・ノーライフ プラクティカルウォーゲーム', 'Fiction,Fantasy,Science Fiction,Light Novel', 'ในสงครามครั้งใหญ่เมื่อหกพันปีก่อนซึ่งเป็นการเข่นฆ่าสังหารกันและกันระหว่างเผ่าพันธุ์ต่างๆ โศกนาฏกรรมครั้งนั้นคือเหตุการณ์ในอดีตที่นานแสนนานมาแล้ว ทว่ากลับมีเรื่องราวหนึ่ง ที่ไม่ได้ถูกบันทึกไว้ในประวัติศาสตร์ นั่นคือเรื่องราวของเอลฟ์ที่ตั้งเป้าว่าจะชนะเกม (สงคราม) นี้ด้วยการทำลายดวงดาวทั้งดวงไปพร้อมกับทุกคนบนพื้นพิภพ  รวมทั้งวีรกรรมอันโดดเด่นของจิบริลที่เข้าต่อสู้กับ “มังกร” อย่างห้าวหาญด้วยตัวคนเดียว!', 'Now Available', 0, 260, 464, 'https://fs.lnwfile.com/_/fs/_raw/ym/i6/k6.jpg', '2017-10-16', 'https://www.animagshop.com/product/546/animag-no-game-no-life-%E0%B9%81%E0%B8%9E%E0%B8%A3%E0%B8%84%E0%B8%95%E0%B8%B4%E0%B8%84%E0%B8%B1%E0%B8%A5-%E0%B8%A7%E0%B8%AD%E0%B8%A3%E0%B9%8C-%E0%B9%80%E0%B8%81%E0%B8%A1-novel', 1008, 1, 6, 6),
(43, 'การมองไปข้างหน้า', 'No Details', 'No Details', 'Nonfiction,Self-help', 'การมองไปข้างหน้า ไม่ใช่แค่การเดินไปข้างหน้า แต่เป็นการก้าวกระโดดไปสู่เป้าหมายที่คุณใฝ่ฝัน หนังสือเล่มนี้จะจุดประกายความคิดและแรงบันดาลใจให้คุณกล้าที่จะฝัน กล้าที่จะทำ และกล้าที่จะเปลี่ยนแปลงชีวิตของคุณ\r\nคุณพร้อมที่จะก้าวข้ามขีดจำกัดของตัวเองหรือยัง? หนังสือเล่มนี้จะเปิดโลกทัศน์ใหม่ๆ ให้คุณ และช่วยให้คุณค้นพบศักยภาพที่ซ่อนอยู่ภายใน', 'Now Available', 0, 250, 121, 'https://cdn-local.mebmarket.com/meb/server1/314234/Thumbnail/book_detail_large.gif?2', '2024-08-14', 'https://www.mebmarket.com/ebook-314234-%E0%B8%81%E0%B8%B2%E0%B8%A3%E0%B8%A1%E0%B8%AD%E0%B8%87%E0%B9%84%E0%B8%9B%E0%B8%82%E0%B9%89%E0%B8%B2%E0%B8%87%E0%B8%AB%E0%B8%99%E0%B9%89%E0%B8%B2', 1009, 1, 12, 1),
(44, 'การไม่เป็นไอขี้เเพ้ที่ไม่ประสบความสำเร็จ', 'No Details', 'No Details', 'Nonfiction,Self-help', 'อยากประสบความสำเร็จแบบคนอื่นเขาบ้างไหม? หนังสือเล่มนี้คือคู่มือที่จะพาคุณไปสู่เป้าหมายที่ตั้งไว้ ด้วยเทคนิคและกลยุทธ์ที่ได้ผลจริง คุณจะได้เรียนรู้วิธีการ:\r\n\r\n:ค้นพบศักยภาพที่ซ่อนอยู่\r\n:สร้างความมั่นใจในตัวเอง\r\n:เอาชนะอุปสรรค\r\n:บรรลุเป้าหมายที่ตั้งไว้\r\n\r\nเลิกเป็นแค่ \"ไอขี้แพ้\" ได้แล้ว! หนังสือเล่มนี้จะเปิดเผยความลับที่ทำให้คนบางคนประสบความสำเร็จอย่างต่อเนื่อง คุณจะได้เรียนรู้วิธีคิดและทำแบบคนที่ประสบความสำเร็จ และนำไปปรับใช้ในชีวิตของคุณเอง อย่ารอช้าที่จะแตกต่าง พร้อมที่จะเปลี่ยนแปลงชีวิตของคุณแล้วหรือยัง?\r\nสั่งซื้อหนังสือเล่มนี้แล้วเปลี่ยนชีวิตของคุณให้ดีขึ้นกว่าเดิม', 'Now Available', 0, 250, 126, 'https://cdn-local.mebmarket.com/meb/server1/314111/Thumbnail/book_detail_large.gif?2', '2024-08-14', 'https://www.mebmarket.com/ebook-314111-%E0%B8%81%E0%B8%B2%E0%B8%A3%E0%B9%84%E0%B8%A1%E0%B9%88%E0%B9%80%E0%B8%9B%E0%B9%87%E0%B8%99%E0%B9%84%E0%B8%AD%E0%B8%82%E0%B8%B5%E0%B9%89%E0%B9%80%E0%B9%80%E0%B8%9E%E0%B9%89%E0%B8%97%E0%B8%B5%E0%B9%88%E0%B9%84%E0%B8%A1%E0%B9%88%E0%B8%9B%E0%B8%A3%E0%B8%B0%E0%B8%AA%E0%B8%9A%E0%B8%84%E0%B8%A7%E0%B8%B2%E0%B8%A1%E0%B8%AA%E0%B8%B3%E0%B9%80%E0%B8%A3%E0%B9%87%E0%B8%88', 1009, 1, 12, 1),
(45, '30 วันแห่งการเปลี่ยนแปลง', 'No Details', 'No Details', 'Nonfiction,Self-help', '\"พร้อมที่จะเปลี่ยนแปลงชีวิตให้ดีขึ้นใน 30 วันหรือยัง? หนังสือเล่มนี้จะพาคุณไปค้นพบวิธีการสร้างนิสัยใหม่ที่ง่ายและยั่งยืน ไม่ว่าจะเป็นการออกกำลังกาย การกินอาหารที่ดีต่อสุขภาพ หรือการพัฒนาความสัมพันธ์ ด้วยขั้นตอนที่ชัดเจนและเคล็ดลับที่เป็นประโยชน์ คุณจะสามารถบรรลุเป้าหมายที่ตั้งใจไว้ได้อย่างแน่นอน\r\n\r\nรอช้าอยู่ทำไม? เปลี่ยนแปลงชีวิตของคุณได้แล้ววันนี้อย่าปล่อยให้โอกาสหลุดลอยไป!\r\nซื้อเลย! และเริ่มต้นการเปลี่ยนแปลงที่ยิ่งใหญ่', 'Now Available', 0, 259, 124, 'https://cdn-local.mebmarket.com/meb/server1/314022/Thumbnail/book_detail_large.gif?2', '2024-08-14', 'https://www.mebmarket.com/ebook-314022-30-%E0%B8%A7%E0%B8%B1%E0%B8%99%E0%B9%81%E0%B8%AB%E0%B9%88%E0%B8%87%E0%B8%81%E0%B8%B2%E0%B8%A3%E0%B9%80%E0%B8%9B%E0%B8%A5%E0%B8%B5%E0%B9%88%E0%B8%A2%E0%B8%99%E0%B9%81%E0%B8%9B%E0%B8%A5%E0%B8%87', 1009, 1, 12, 1),
(46, 'จงอย่านอนไปวันๆ', 'No Details', 'No Details', 'Nonfiction,Self-help', 'เปิดโลกกว้าง เพิ่มพูนความรู้ เพียงแค่หยิบหนังสือขึ้นมาอ่านแล้วชีวิตเปลี่ยน! ค้นพบประโยชน์ของการอ่านที่คุณอาจไม่เคยรู้มาก่อน อยากฉลาดขึ้น มีความสุขมากขึ้น ลองอ่านหนังสือเล่มนี้ดูสิ\r\nอ่านแล้วชีวิตเปลี่ยน! ค้นพบประโยชน์ของการอ่านที่คุณอาจไม่เคยรู้\r\n\"หยิบหนังสือเล่มนี้ขึ้นมา แล้วคุณจะหลงรักการอ่านไปตลอดชีวิตหนังสือเล่มนี้จะทำให้คุณอยากอ่านหนังสือเล่มอื่นๆ อีกมากมาย\r\nอย่ารอช้า! รีบจับจองเป็นเจ้าของก่อนใคร ซื้อเลยวันนี้', 'Now Available', 0, 250, 128, 'https://cdn-local.mebmarket.com/meb/server1/313519/Thumbnail/book_detail_large.gif?2', '2024-08-08', 'https://www.mebmarket.com/ebook-313410-%E0%B8%88%E0%B8%87%E0%B8%AD%E0%B8%A2%E0%B9%88%E0%B8%B2%E0%B8%99%E0%B8%AD%E0%B8%99%E0%B9%84%E0%B8%9B%E0%B8%A7%E0%B8%B1%E0%B8%99%E0%B9%86', 1009, 1, 12, 1),
(47, 'จงเเบ่งเวลาในการทำสิ่งต่างๆ', 'No Details', 'No Details', 'Nonfiction,Self-help', 'จงแบ่งเวลา... เคล็ดลับสู่ชีวิตที่ลงตัว\r\nหมดเวลา! รู้สึกไม่มีเวลาทำอะไรเลย\r\nงานยุ่ง! แทบไม่มีเวลาให้ครอบครัว\r\nเครียด! อยากใช้ชีวิตให้คุ้มค่ามากกว่านี้\r\n\r\nหนังสือเล่มนี้มีคำตอบ!\r\n\r\nจงแบ่งเวลา รวบรวมเทคนิคการบริหารเวลาที่ได้ผลจริง ช่วยให้คุณ:\r\n\r\n:จัดการเวลาได้อย่างมีประสิทธิภาพ ️\r\n:บรรลุเป้าหมายที่ตั้งไว้\r\n:มีเวลาให้กับสิ่งที่สำคัญ\r\n:ใช้ชีวิตอย่างมีความสุขและสมดุล ️\r\nพิเศษ! เทคนิคการจัดการเวลาแบบง่ายๆ ที่คุณสามารถนำไปใช้ได้ทันที\r\n\r\nอย่ารอช้า! คว้าหนังสือเล่มนี้ไว้ แล้วเปลี่ยนชีวิตของคุณให้ดีขึ้น ซื้อเลย!', 'Now Available', 0, 259, 124, 'https://cdn-local.mebmarket.com/meb/server1/307998/Thumbnail/book_detail_large.gif?2', '2024-07-09', 'https://www.mebmarket.com/ebook-307998-%E0%B8%88%E0%B8%87%E0%B9%80%E0%B9%80%E0%B8%9A%E0%B9%88%E0%B8%87%E0%B9%80%E0%B8%A7%E0%B8%A5%E0%B8%B2%E0%B9%83%E0%B8%99%E0%B8%81%E0%B8%B2%E0%B8%A3%E0%B8%97%E0%B8%B3%E0%B8%AA%E0%B8%B4%E0%B9%88%E0%B8%87%E0%B8%95%E0%B9%88%E0%B8%B2%E0%B8%87%E0%B9%86', 1009, 1, 12, 1),
(48, 'ท๊อป จิรายุส', 'Topp Jirayut', 'Topp Jirayut', 'Biography/Autobiography,Self-help,Business & Economics', 'พบกับประวัติของ \"ท๊อป จิรายุส ทรัยพ์ศรีโสภา\" ที่ไม่เคยเปิดเผยที่ไหนมาก่อน พร้อมรูปประกอบส่วนตัวที่ทำให้เห็นเส้นทางของนักธุรกิจอายุน้อยที่ประสบความสำเร็จมากที่สุดคนหนึ่งของเมืองไทย จนเป็นไอดอลของคนรุ่นใหม่ให้อยากเดินตามรอย บอกได้ว่าชีวิตของท๊อปไม่ธรรมดา เด็กดื้อคนนี้ต่อสู้มาไม่ง่าย โดยเฉพาะกับตัวเอง และเมื่อชนะใจตัวเองแล้ว เขาก็แค่ทำให้คนอื่นเชื่อในแบบเขา จนปั้นบริษัทบิทคับจนเติบโต แม้ต้องเริ่มในวันที่ไม่มีใครเชื่อและรู้จักเงินคริปโตฯ เลยด้วยซ้ำ และเขาก็กำลังจะทำให้บิทคอยน์เป็นส่วนหนึ่งของประเทศนี้ในอนาคตด้วย!', 'Now Available', 0, 350, 224, 'https://images-se-ed.com/ws/Storage/Originals/978616/944/9786169447306L.jpg?h=6617c9e23fc02248ea55a8924ef0a577', '2024-03-01', 'https://www.se-ed.com/product/Topp-Jirayut.aspx?no=9786169447306', 1010, 1, 14, 1),
(49, 'ยอมเป็นแฟนเบอร์สองของเธอก็ได้ เล่ม 1', ' I’m Fine With Being the Second Girlfriend vol.1', 'わたし、二番目の彼女でいいから。(Watashi, Nibanme no Kanojo de Ii kara)\r\n', 'Fiction,Romance,R18+,Light Novel,Drama', '“ฉันก็ชอบคิริชิมะคุงเป็นอันดับสองเหมือนกัน”\r\n\r\nผมกับคุณฮายาซากะมีคนที่ชอบที่สุดอยู่แล้วทั้งคู่\r\nแต่เราก็คบกันในฐานะที่เป็น ‘เบอร์สอง’ ของกันและกัน\r\nเรากลับบ้านด้วยกัน นัวเนียกัน ทำเรื่องที่บอกใครไม่ได้\r\n\r\nแต่ถึงอย่างนั้น เบอร์สองก็ยังเป็นแค่เบอร์สอง\r\nถ้าเกิดว่าวันนึง ‘เบอร์หนึ่ง’ ของใครเกิดเปลี่ยนใจมาคบหา\r\nความสัมพันธ์แบบแฟน ‘เบอร์สอง’ จะถูกยกเลิกทันที\r\nทั้งที่เราสัญญากันไว้อย่างนั้น—\r\n\r\n“ขอโทษนะ ฉันมันงี่เง่าเอง ดันชอบมากขึ้นเรื่อยๆซะแล้วสิ”\r\n\r\nความสัมพันธ์ต่างอันดับอันน่าปวดตับของเขาและเธอ\r\nจะลงเอยอย่างไรหนอ', 'Now Available', 4.98, 295, 282, 'https://cdn-local.mebmarket.com/meb/server1/233850/Thumbnail/book_detail_large.gif?4', '2023-03-20', 'https://www.phoenixnext.com/ln0498-01.html', 1011, 1, 4, 8),
(50, 'ยอมเป็นแฟนเบอร์สองของเธอก็ได้ เล่ม 2', ' I’m Fine With Being the Second Girlfriend vol.2', 'わたし、二番目の彼女でいいから。(Watashi, Nibanme no Kanojo de Ii kara)\r\n', 'Fiction,Romance,R18+,Light Novel,Drama', '“ฉันก็ชอบคิริชิมะคุงเป็นอันดับสองเหมือนกัน”\r\n\r\nผมกับคุณฮายาซากะมีคนที่ชอบที่สุดอยู่แล้วทั้งคู่\r\nแต่เราก็คบกันในฐานะที่เป็น ‘เบอร์สอง’ ของกันและกัน\r\nเรากลับบ้านด้วยกัน นัวเนียกัน ทำเรื่องที่บอกใครไม่ได้\r\n\r\nแต่ถึงอย่างนั้น เบอร์สองก็ยังเป็นแค่เบอร์สอง\r\nถ้าเกิดว่าวันนึง ‘เบอร์หนึ่ง’ ของใครเกิดเปลี่ยนใจมาคบหา\r\nความสัมพันธ์แบบแฟน ‘เบอร์สอง’ จะถูกยกเลิกทันที\r\nทั้งที่เราสัญญากันไว้อย่างนั้น—\r\n\r\n“ขอโทษนะ ฉันมันงี่เง่าเอง ดันชอบมากขึ้นเรื่อยๆซะแล้วสิ”\r\n\r\nความสัมพันธ์ต่างอันดับอันน่าปวดตับของเขาและเธอ\r\nจะลงเอยอย่างไรหนอ', 'Now Available', 4.98, 305, 286, 'https://www.phoenixnext.com/img/600/744/resize/catalog/product/l/n/ln0543-01.jpg', '2023-08-12', 'https://www.phoenixnext.com/ln0543-01.html', 1011, 1, 4, 8),
(51, 'ยอมเป็นแฟนเบอร์สองของเธอก็ได้ เล่ม 3', ' I’m Fine With Being the Second Girlfriend vol.3', 'わたし、二番目の彼女でいいから。(Watashi, Nibanme no Kanojo de Ii kara)\r\n', 'Fiction,Romance,R18+,Light Novel,Drama', '“นี่ เราใช้คิริชิมะคุงร่วมกันได้หรือเปล่า...”\r\n.\r\nตอนนี้ผมคบคุณทาจิบานะและคุณฮายาซากะไปพร้อมกัน\r\nกฎการใช้ร่วมกันคือห้ามฉวยโอกาสนำหน้าฝ่ายใดฝ่ายหนึ่ง\r\nเพราะฝ่ายที่ไม่ได้เป็น ‘ที่หนึ่ง’ จะเจ็บปวด\r\nเรียกได้ว่าเป็นความสัมพันธ์ที่อ่อนโยนด้วยซ้ำ\r\nแม้จะบิดเบี้ยว หรืออาจเป็นแค่การยืดความสัมพันธ์\r\nให้อยู่รอดด้วยวิธีการอันหวานล้ำ ทว่า...\r\n.\r\nทั้งที่เป็นเบอร์สองน่าจะดีอยู่แล้ว\r\nถึงอย่างนั้นก็อยากเป็นเบอร์หนึ่ง\r\n.\r\nเมื่อความชอบและการกระทำเริ่มหนักข้อขึ้นทุกฝ่าย\r\nท้ายที่สุดความสัมพันธ์ของทั้งสามก็เริ่มมีรอยร้าว...\r\nดิ้นรนสุดหนทาง เว้าวอนไม่ให้จากไป\r\nขณะเดียวกันก็ทำให้บางสิ่งซึ่งเคยสำคัญเกิดแผล\r\nดำดิ่งจมลึกสุดหยั่ง\r\n.\r\nความสัมพันธ์ต่างอันดับอันน่าปวดตับของเขาและเธอ\r\nจะลงเอยอย่างไรหนอ', 'Now Available', 4.98, 305, 262, 'https://cdn-local.mebmarket.com/meb/server1/280078/Thumbnail/book_detail_large.gif?2', '2024-01-19', 'https://www.phoenixnext.com/ln0606-01.html', 1011, 1, 4, 8),
(52, 'ยอมเป็นแฟนเบอร์สองของเธอก็ได้ เล่ม 4', ' I’m Fine With Being the Second Girlfriend vol.4', 'わたし、二番目の彼女でいいから。(Watashi, Nibanme no Kanojo de Ii kara)\r\n', 'Fiction,Romance,Action,R18+,Light Novel,Drama', 'บทลงโทษในกติกาการใช้ร่วมกัน\r\nฝ่ายที่ฝ่าฝืนต้องเลิก ทว่า...\r\n\r\n“เลิกกับคิริชิมะคุงเดี๋ยวนี้เลยนะ”\r\n“...ขอโทษนะ ฉันทำไม่ได้”\r\n\r\nแม้รู้ว่าจะเกินเลยไปกว่านี้ไม่ได้\r\nก็ไม่มีใครหยุดอารมณ์ที่เกินจุดเดือดนี้ได้อีกแล้ว\r\nแม้รู้ว่าจะเป็นการทำร้ายกัน แม้รู้ว่าจะทำให้เจ็บปวด\r\nทว่าตัวเลือกที่จำต้องเลือกคือความรัก\r\n\r\nเส้นทางของความสัมพันธ์สามเส้าอันแสนยุ่งเหยิงนี้\r\nยากที่จะถอยหลังกลับไปได้แล้ว—\r\n\r\nความสัมพันธ์ต่างอันดับอันน่าปวดตับ\r\nฉบับจบภาคมัธยมปลาย\r\nจะลงเอยอย่างไรหนอ', 'Now Available', 4.98, 310, 266, 'https://cdn-local.mebmarket.com/meb/server1/307419/Thumbnail/book_detail_large.gif?2', '2024-07-17', 'https://www.phoenixnext.com/ln0671-01.html', 1011, 1, 4, 8),
(53, '86 -เอทตี้ซิกซ์- เล่ม 1', '86 -Eighty Six vol.1', '86-エイティシックス 1', 'Fiction,Fantasy,Science Fiction,Action,Light Novel,Drama', 'สาธารณรัฐซันแมกโนเลียถูก ‘จักรวรรดิ’ ซึ่งเป็นดินแดนข้างเคียงส่งจักรกลรบไร้พลขับ ‘ลีเจี้ยน’ เข้ามารุกรานไม่เว้นแต่ละวัน สาธารณรัฐจึงคิดค้นอาวุธรูปแบบเดียวกันขึ้นเพื่อการตอบโต้ และในที่สุดก็สามารถขับไล่ภัยคุกคามสิ้นไปโดยไม่มีผู้ใดต้องสละชีพ\r\nใช่―เพียงเปลือกนอก\r\nความจริงแล้วหาใช่ปราศจากการหลั่งเลือดเนื้อ ‘เขต86ไร้ซึ่งตัวตน’ ตั้งอยู่นอก85เขตของสาธารณรัฐ ทุกวันคืน เหล่าหนุ่มสาวอันถูกตีตรา ‘เอทตี้ซิกซ์’ ได้เข้าต่อสู้ในฐานะ ‘จักรกลมีพลขับ’ ตลอดมา―\r\nเด็กหนุ่มนามว่าชิน ผู้นำเหล่าหนุ่มสาวเข้าสู่ดินแดนแห่งความตาย และเด็กสาวนามเรน่า ผู้เป็นแฮนด์เลอร์-ผู้บังคับบัญชาการ ออกคำสั่งพวกเขาผ่านการสื่อสารพิเศษจากแนวหลังอันห่างไกล เรื่องราวของทั้งสอง...การต่อสู้ซึ่งเป็นโศกนาฏกรรมแสนทารุณและจากลานับนิรันดร์เริ่มต้นขึ้นแล้ว―!', 'Now Available', 4.96, 300, 350, 'https://www.phoenixnext.com/img/600/744/resize/catalog/product/8/6/86_vol1_jacket.jpg', '2019-06-08', 'https://www.phoenixnext.com/ln0044-01.html', 1012, 1, 4, 9),
(54, '86 -เอทตี้ซิกซ์- เล่ม 2', '86 -Eighty Six vol.2', '86-エイティシックス 2', 'Fiction,Fantasy,Science Fiction,Action,Light Novel,Drama', 'หลังการลาจากอย่างกะทันหันกับเลน่าผู้เป็นแฮนด์เลอร์ของสาธารณรัฐ\r\nเหล่า ‘เอทตี้ซิกซ์’ ทุกคนที่ดั้นด้นมาถึงประเทศเพื่อนบ้านอย่างสหพันธรัฐเกียเด\r\nได้รับการคุ้มครองและพบกับช่วงเวลาอันสงบสุขชั่วระยะหนึ่ง\r\nทว่า—พวกเขาเลือกหวนคืนสู่สนามรบ\r\nเสนอตัวให้กองทัพสหพันธรัฐเพื่อกลับมายืนที่แนวหน้าสุดของขุมนรกอีกครั้ง\r\nพวกเขาต่อกรกับการจู่โจมอันหนักหน่วงของ ‘ลีเจี้ยน’ ที่รู้ล่วงหน้าโดย ‘ความสามารถ’ ของชินอย่างไม่หยุดหย่อน\r\nพร้อมด้วยพรรคพวกคนใหม่นาม ‘เฟรเดอริกา โรเซนฟอลต์’ สาวน้อยผู้อ่อนวัยยิ่งกว่าพวกตน\r\nเหตุใดพวกเขาจึงต่อสู้ และหนทางใดจะสามารถปัดเป่าภัยคุกคามของ ‘ลีเจี้ยน’ ที่กำลังคืบใกล้เข้ามา—?\r\n\r\nพบกับศึกที่ 2 แห่งเกียรติภูมิ ‘รางวัลชนะเลิศ’ การประกวดเด็งเกคิโนเวลไพร์ซครั้งที่ 23!\r\nจุดเริ่มต้นของ ‘ภาคสหพันธรัฐเกียเด’\r\nเรื่องราวนับแต่การจากลาของชินและเลน่าสู่การพบพานแห่งปาฏิหาริย์!\r\n\r\n—เมื่อยมทูตถูกเชื้อเชิญสู่สถานที่ของตน—', 'Now Available', 4.93, 275, 280, 'https://www.phoenixnext.com/img/600/744/resize/catalog/product/_/l/_ln_86_vol2_jacket.jpg', '2019-06-08', 'https://www.phoenixnext.com/ln0083-01.html', 1012, 1, 4, 9),
(55, '86 -เอทตี้ซิกซ์- เล่ม 3', '86 -Eighty Six vol.3', '86-エイティシックス 3', 'Fiction,Fantasy,Science Fiction,Action,Light Novel,Drama', 'การจู่โจมจากระยะไกลหลายร้อยกิโลเมตรโดยเรลกันของ ‘ลีเจี้ยน’\r\nสร้างความเสียย่อยยับแก่แนวหน้าของกองทัพสหพันธรัฐเกียเดที่ชินสังกัด\r\nทั้งยังทลายแนวป้องกันด่านสุดท้ายแห่งสาธารณรัฐซันแมกโนเลียของฝั่งเลน่า\r\nเมื่อเข้าตาจน กองทัพสหพันธรัฐเกียเดจึงลงมติให้พวกของชิน\r\n—เอทตี้ซิกซ์ทุกคน—\r\nเป็น ‘หัวหอก’ บุกทะลวงสู่ใจกลางฐานที่มั่นศัตรู\r\nกลยุทธ์อันไม่อาจเรียกได้เต็มปากว่ากลยุทธ์นี้...มีเพื่อทำลาย ‘ลีเจี้ยน’ อย่างเรลกัน\r\nหากท่ามกลางความยุ่งเหยิงอลหม่าน ชินยังตกอยู่ในความทุกข์ทรมานแสนสาหัส\r\nทั้งที่โค่น ‘พี่ชาย’ สำเร็จ และน่าจะเป็นอิสระจากสาธารณรัฐแล้ว แต่กระนั้น…\r\n\r\nEp.3 บทสรุปของ ‘ภาคสหพันธรัฐเกียเด’ ที่ทุกคนรอคอย\r\nเหตุใดยมทูตจึงต่อสู้\r\n\r\n—เพื่ออะไร และเพื่อใคร—', 'Now Available', 4.93, 275, 332, 'https://cdn-local.mebmarket.com/meb/server1/96861/Thumbnail/book_detail_large.gif?7', '2019-06-08', 'https://www.phoenixnext.com/ln0109-01.html', 1012, 1, 4, 9),
(56, '86 -เอทตี้ซิกซ์- เล่ม 4', '86 -Eighty Six vol.4', '86-エイティシックス 4', 'Fiction,Fantasy,Science Fiction,Action,Light Novel,Drama', 'ในที่สุดโชคชะตาก็พาชินและเลน่ามาพบกัน\r\nเฟรเดอริกากับคุเรนะหวั่นวิตกเพราะบรรยากาศดีๆที่สัมผัสได้จากคนทั้งสอง\r\nจนพวกไรเดนพากันกลุ้มใจไม่ได้หยุดหย่อน\r\nแต่แล้วการพักผ่อนแสนสั้นก็จบลง เมื่อภารกิจแรกแจ้งมาถึงหน่วยใหม่ซึ่งมีเลน่าเป็นผู้บัญชาการ ณ สถานีปลายทางรถไฟใต้ดินในแดนเหนือของ 85 เขตสาธารณรัฐ\r\nฐานที่มั่นของลีเจี้ยนซึ่งสร้างลึกลงไปใต้ดินกำลังเฝ้ารอให้พวกเขาเข้าไปหา\r\nที่แห่งนั้นมองเห็นเพียงความมืด\r\nความมืดของลีเจี้ยน ความมืดของสาธารณรัฐ\r\nและความมืดของเหล่าผู้ถูกประเทศบ้านเกิดข่มเหง\r\n[Ep.4] การต่อสู้ครั้งแรกของชินกับเลน่าเมื่อได้พบกัน\r\n“เสียงที่ร้องเรียกจากใต้พื้นพิภพ จะมอบบททดสอบบทใหม่แก่พวกเขา”', 'Now Available', 4.96, 295, 314, 'https://cdn-local.mebmarket.com/meb/server1/110805/Thumbnail/book_detail_large.gif?3', '2019-12-18', 'https://www.se-ed.com/product/86-%E0%B9%80%E0%B8%AD%E0%B8%97%E0%B8%95%E0%B8%B5%E0%B9%89%E0%B8%8B%E0%B8%B4%E0%B8%81%E0%B8%8B%E0%B9%8C-%E0%B9%80%E0%B8%A5%E0%B9%88%E0%B8%A1-4-%E0%B9%80%E0%B8%AB%E0%B8%95%E0%B8%B8%E0%B8%81%E0%B8%B2%E0%B8%A3%E0%B8%93%E0%B9%8C%E0%B8%84%E0%B8%B1%E0%B8%9A%E0%B8%82%E0%B8%B1%E0%B8%99.aspx?no=9786164642539', 1012, 1, 4, 9),
(57, '86 -เอทตี้ซิกซ์- เล่ม 5', '86 -Eighty Six vol.5', '86-エイティシックス 5', 'Fiction,Fantasy,Science Fiction,Action,Light Novel,Drama', 'มาตามหาฉันสิ—\r\nชินได้ยินเสียงเรียก ซึ่งน่าจะเป็นเสียงของผู้พัฒนา ‘ลีเจี้ยน’ นามว่าเซเลเน\r\nเลน่าพร้อมด้วย ‘กองกำลังจู่โจมเคลื่อนที่เร็วที่ 86’ จึงมุ่งหน้าไปยัง ‘สหราชอาณาจักรโรอาเกรเชีย’ ซึ่งมีพยานพบเห็นอาไมเซ่อสีขาวเครื่องนั้น\r\nทว่า...ควรกล่าวว่าดูหมิ่นชีวิตหรือลบหลู่ความตายดีเล่า แผนรับมือ ‘ลีเจี้ยน’ ที่ ‘สหราชอาณาจักร’ กำลังดำเนินอยู่นั้นช่างวิปลาสเสียจนเหล่า ‘เอทตี้ซิกซ์’ ยังสั่นสะท้าน\r\nศัตรูซึ่งเร้นกายในผืนป่าอันหนาวเหน็บจับขั้วหัวใจ\r\nและ ‘ความตาย’ ซึ่งอยู่เคียงใกล้ต่างรอคอยที่จะเล่นงานพวกเขา—\r\nเปิดม่านบทที่ 5 สู่ภาคสหราชอาณาจักร!', 'Now Available', 4.96, 315, 350, 'https://cdn-local.mebmarket.com/meb/server1/130113/Thumbnail/book_detail_large.gif?2', '2020-08-20', 'https://www.se-ed.com/product/86-%E0%B9%80%E0%B8%AD%E0%B8%97%E0%B8%95%E0%B8%B5%E0%B9%89%E0%B8%8B%E0%B8%B4%E0%B8%81%E0%B8%8B%E0%B9%8C-%E0%B9%80%E0%B8%A5%E0%B9%88%E0%B8%A1-4-%E0%B9%80%E0%B8%AB%E0%B8%95%E0%B8%B8%E0%B8%81%E0%B8%B2%E0%B8%A3%E0%B8%93%E0%B9%8C%E0%B8%84%E0%B8%B1%E0%B8%9A%E0%B8%82%E0%B8%B1%E0%B8%99.aspx?no=9786164642539', 1012, 1, 4, 9),
(58, '86 -เอทตี้ซิกซ์- เล่ม 6', '86 -Eighty Six vol.6', '86-エイティシックス 6', 'Fiction,Fantasy,Science Fiction,Action,Light Novel,Drama', 'ต่อสู้และตายจากไปอย่างภาคภูมิใจ\r\nนั่นคือการตัดสินใจของพวกเขา\r\nความยึดติดกับการมีชีวิตถูกทิ้งไว้ในดินแดนห่างไกลนานมาแล้ว\r\n...พวกเขาเคยคิด เคยเชื่อมั่นอย่างนั้น\r\nแต่เหล่า ‘ซีริน’ ซึ่งก้าวเท้าสู่สรภูมิ ถูกบดขยี้ และเสื่อมสลาย\r\nกลับดูหมิ่นวิถีชีวิตที่ ‘เอทตี้ซิกซ์’ เช่นพวกเขายึดถือว่าเป็นเพียงความวิปลาส\r\nชินกลัดกลุ้มกับความหมายของการมีชีวิต\r\nเลน่าห่วงใยพยายามเข้าใจชิน\r\nแต่ความรู้สึกของทั้งสองกลับสวนทางกันอย่างน่ากระอักกระอ่วน\r\nระหว่างนั้นยุทธการยึดครองขุนเขาเขี้ยวมังกร\r\nซึ่งมีชะตากรรมของสหราชอาณาจักรเป็นเดิมพัน\r\nก็เปิดฉากขึ้นอย่างไม่ปรานีปราศรัย...!', 'Now Available', 4.96, 315, 338, 'https://cdn-local.mebmarket.com/meb/server1/155144/Thumbnail/book_detail_large.gif?4', '2021-05-17', 'https://www.phoenixnext.com/ln0281-01.html', 1012, 1, 4, 9),
(59, '86 -เอทตี้ซิกซ์- เล่ม 7', '86 -Eighty Six vol.7', '86-エイティシックス 7', 'Fiction,Fantasy,Science Fiction,Action,Light Novel,Drama', 'จักรกลบัญชาการระดับสูง ‘ราชินีไร้เมตตา’ คือ ‘กระสุนเงิน’ ที่มนุษยชาติซึ่งเป็นฝ่ายตั้งรับในสงครามกับลีเจี้ยนได้มาครอบครอง เมื่อ ‘กองกำลังจู่โจมเคลื่อนที่เร็วอิสระที่ 86 จับกุม ‘เธอ’ ได้สำเร็จ สหพันธรัฐ สหราชอาณาจักร และสมาพันธรัฐวาลด์จึงเริ่มดำเนินการวิเคราะห์และ ’สอบสวน’\r\nอีกด้านหนึ่ง ผู้มีบทบาทในความสำเร็จครั้งใหญ่ต่างได้รับวันหยุดพิเศษเป็นรางวัล ชิน เลน่า และคนอื่นๆผละจากวันคืนอันเขลอะขละด้วยเลือดและเหล็ก ได้ทำตัวตามสบายในช่วงเวลาสั้นๆ แต่ในขณะเดียวกัน ‘แทบทุกคนนอกจากทั้งคู่’ ก็มีความคิดตรงกันว่า\r\n“พวกนายเนี่ย รีบๆคบกันซะทีเถอะ”\r\nเชิญพบกับ Ep.7! ในที่สุดแนวรบอีกแห่งก็เริ่มเคลื่อนไหว (!?)', 'Now Available', 4.96, 295, 270, 'https://cdn-local.mebmarket.com/meb/server1/174542/Thumbnail/book_detail_large.gif?3', '2021-11-12', 'https://www.phoenixnext.com/ln-86-7.html', 1012, 1, 4, 9),
(60, '86 -เอทตี้ซิกซ์- เล่ม 8', '86 -Eighty Six vol.8', '86-エイティシックス 8', 'Fiction,Fantasy,Science Fiction,Action,Light Novel,Drama', 'การหยุดยั้ง ‘ลีเจี้ยน’ โดยสมบูรณ์มีทางเป็นไปได้\r\nจุดสิ้นสุดของสงครามที่ดูเหมือนไร้สิ้นสุด\r\nนั่นคือความปรารถนาของมนุษยชาติ คือความหวังสู่วันพรุ่งนี้\r\nแต่หลังจากการต่อสู้สิ้นสุดลง ‘เอทตี้ซิกซ์’——เหล่านักรบผู้เลือกตายในสมรภูมิจะมุ่งหน้าไปยังแห่งหนใด\r\nเมื่อได้พบกับ ‘ซีริน’ พวกเขาจึงตระหนักว่าการไม่เกรงกลัวความตายนั้นน่าพรั่นพรึงแค่ไหน\r\nดวงตาที่เคยปิดไว้ไม่ยอมมองอนาคตถูกง้างให้เปิดออก\r\nบางคนได้พบผู้เป็นที่รัก\r\nบางคนมองดูโลกแล้ววาดฝัน\r\nทว่า...บางคนยังทำไม่ได้\r\nแสงอบอุ่นแห่งความหวังบิดงอจิตใจอันแน่วแน่ดุจเหล็กกล้าและความเป็นหนึ่งเดียวของพวกเขา\r\nในท้ายที่สุด มันจะนำมาซึ่งการเสียสละแสนโหดร้าย', 'Now Available', 4.96, 315, 330, 'https://www.phoenixnext.com/img/600/744/resize/catalog/product/_/l/_ln_eighty_six_vol8_jacket_1_.jpg', '2022-06-20', 'https://www.phoenixnext.com/ln0393-01.html', 1012, 1, 4, 9);
INSERT INTO `book_detail` (`book_id`, `book_name_th`, `book_name_en`, `book_name_originl`, `book_category`, `book_descriptions`, `book_status`, `book_score`, `book_price`, `book_pages`, `book_image`, `release_date`, `publisher_link`, `author_id`, `language_id`, `publisher_id`, `serie_id`) VALUES
(61, '86 -เอทตี้ซิกซ์- เล่ม 9', '86 -Eighty Six vol.9', '86-エイティシックス 9', 'Fiction,Fantasy,Science Fiction,Action,Light Novel,Drama', 'ความเสียหายนั้นใหญ่หลวงนัก\r\nการต่อสู้แสนสาหัสกับ ‘น็อคติลูกา’ ฝากบาดแผลฉกรรจ์ไว้ให้เซโอะ\r\nและคร่าชีวิตพวกพ้องไปมากมาย\r\nหนึ่งในนั้นคือชานะ รองหัวหน้าหน่วย ‘บริสซิงกาเมน’ ของชีเดน\r\nชีเดนสาบานจะล้างแค้นให้ได้ ส่วนคุเรนะทุกข์ทรมานใจด้วยเป็นสาเหตุให้ชานะต้องตาย\r\nเพราะตนมัวตื่นตระหนกกับข่าวสูญหายของชินจนไม่อาจทำหน้าที่ซุ่มยิง\r\nทว่าสงครามไม่เคยปรานีเหล่าหนุ่มสาวเยาว์วัย\r\n‘น็อคติลูกา’ ที่หนีไปมุ่งหน้าไปยังรัฐศาสนจักรนอยเรียนารูเซ\r\nประเทศสุดท้ายที่สามารถติดต่อได้ในปัจจุบัน\r\nแม้เป็นเพื่อนร่วมเผ่าพันธุ์ที่ต่อกรกับภัยคุกคามของลีเจี้ยน\r\nแต่ก็ถูกเฝ้าระวังโดยสหราชอาณาจักรของพวกวีกาและเบื้องบนของสหพันธรัฐ\r\nครั้งนี้พวกชินต้องย่างกรายเข้าไปในดินแดนนั้น...!', 'Now Available', 4.96, 325, 358, 'https://cdn-local.mebmarket.com/meb/server1/208917/Thumbnail/book_detail_large.gif?3', '2022-09-12', 'https://www.phoenixnext.com/ln0426-01.html', 1012, 1, 4, 9),
(62, '86 -เอทตี้ซิกซ์- เล่ม 10', '86 -Eighty Six vol.10', '86-エイティシックス 10', 'Fiction,Fantasy,Science Fiction,Action,Light Novel,Drama', 'สาธารณรัฐ ‘เขต 86’ ดินแดนไร้ตัวตน\r\nทหารเด็กคนหนึ่งยืนอยู่บนสมรภูมินรกแห่งนั้น\r\nเขามีชื่อว่าชินเอ โนว์เซน\r\n‘ยมทูต’ ของเหล่าเอทตี้ซิกซ์\r\nผู้สืบทอดเจตนารมณ์ของพวกพ้องที่ล้มตาย\r\n—ตราบจนถึงปลายทางสุดท้ายของตน—\r\nนี่คือเรื่องราวของความตายและการแตกสลายอย่างโหดร้ายและแสนง่าย\r\nการพบพานและพรากจากกับผู้คนมากมาย\r\nเปลี่ยนเด็กชายให้กลายเป็น ‘ยมทูตของพวกเขา’', 'Now Available', 4.96, 315, 326, 'https://www.phoenixnext.com/img/600/744/resize/catalog/product/_/l/_ln_eighty_six_vol10_jacket_cover_1_.jpg', '2023-01-17', 'https://www.phoenixnext.com/ln0466-01.html', 1012, 1, 4, 9),
(63, '86 -เอทตี้ซิกซ์- เล่ม 11', '86 -Eighty Six vol.11', '86-エイティシックス 11', 'Fiction,Fantasy,Science Fiction,Action,Light Novel,Drama', 'มันเกิดขึ้นกะทันหันอย่างที่สุด\r\nเสียงกัมปนาท แสงสว่างวาบ และแรงกระแทกทำลายทุกสิ่งทุกอย่าง\r\nสิ่งที่รอคอยพวกเลน่าในสาธารณรัฐอันจวนเจียนล่มสลาย\r\nคือปฏิบัติการถอยทัพชวนสิ้นหวัง หลังจากผ่านสมรภูมิในนานาประเทศ\r\nเหล่าเอทตี้ซิกซ์รู้ว่าพวกตนควรกลับไปที่ใด\r\nแล้วพยายามเดินหน้าฝ่าความมืดไปทีละก้าว\r\nแต่สิ่งที่กีดขวางอยู่เบื้องหน้าคือฝูงวิญญาณ ดวงตาสีเงินว่างเปล่าดุจโพรงถ้ำ\r\nรวมถึงตัวพวกเขาเองที่ไม่อาจและไม่ยอมเปลี่ยนแปลง\r\nช่วยทำไม อย่ายกโทษให้มัน ฆ่ามันให้หมด แก้แค้นสิ\r\nทำไมถึงไม่ยอมช่วย พวกสีสกปรก\r\nEp.11 เมื่อเสียงตะโกนแห่งความเคียดแค้นแผดกังวาน\r\n.\r\n“รองเท้าทหารเหล็กกล้าจักเหยียบย่ำแมกโนเลียผู้ชุ่มโชกด้วยเลือด\r\nและเพลิงแห่งความทรมานจักแผดเผาพวกเขา”', 'Now Available', 4.96, 315, 330, 'https://www.phoenixnext.com/img/600/744/resize/catalog/product/l/n/ln0487-01.jpg', '2023-03-17', 'https://www.phoenixnext.com/ln0487-01.html', 1012, 1, 4, 9),
(64, '86 -เอทตี้ซิกซ์- เล่ม 12', '86 -Eighty Six vol.12', '86-エイティシックス 12', 'Fiction,Fantasy,Science Fiction,Action,Light Novel,Drama', 'แผนอพยพประชาชนสาธารณรัฐจบลงด้วยความสูญเสียมหาศาล\r\nความล้มเหลวดังกล่าวส่งผลกระทบใหญ่หลวงต่อกองกำลังจู่โจมเคลื่อนที่เร็วอย่างพวกชิน\r\nรวมไปถึงเลน่าผู้สั่งการแนวหน้า และเฟรเดอริกาซึ่งไม่อาจเข้าร่วมปฏิบัติการ\r\nหากต้องการมีชีวิตรอด จะอยู่อย่างโง่เขลาต่อไปไม่ได้—\r\nดังนั้นพวกเขาจึงเริ่มคิดเรื่อง ‘หนทางข้างหน้า’\r\nอีกด้านหนึ่ง สถานการณ์รบที่ย่ำแย่ลงในเขตแดนสหพันธรัฐ\r\nส่งผลให้ความไม่พอใจต่อแกนนำรัฐบาลและเหล่าเอทตี้ซิกซ์ปะทุขึ้น\r\nในที่สุดกลุ่มผู้เอาใจออกหากจึงหันไปพึ่งวิธีการต้องห้าม...\r\n.\r\nEp.12 ‘กระสุนศักดิ์สิทธิ์สีน้ำเงิน’\r\n\r\n“เหล่าผู้น่าเวทนาหารู้ไม่ว่ากระสุนสีน้ำเงินอันศักดิ์สิทธิ์\r\nและอัปลักษณ์กำลังทำลายหัวใจตนอย่างเงียบเชียบ”', 'Now Available', 4.96, 315, 350, 'https://www.phoenixnext.com/img/600/744/resize/catalog/product/l/n/ln0563-01.jpg', '2023-08-12', 'https://www.phoenixnext.com/ln0563-01.html', 1012, 1, 4, 9),
(65, 'ป๊ะป๋าเป็นผู้กล้า มาม้าเป็นเทพธิดา ส่วนหนูกลับมาเกิดใหม่พลังเต็มพิกัด เล่ม 1', ' Dad is a Hero, Mom is a Spirit, I\'m a Reincarnator vol.1', '父は英雄、母は精霊、娘の私は転生者。1', 'Fiction,Fantasy,Manga,Adventure', 'ทำงานหามรุ่งหามค่ำที่ศูนย์วิจัยอยู่ดีๆ ก็กลับชาติมาเกิดเป็นภูตเสียอย่างนั้น!? ท่านพ่อเป็นอดีตผู้กล้าผู้กอบกู้บ้านเมืองจากการรุกรานของปีศาจ ท่านแม่เป็นราชินีภูตเทพธิดาผู้ดูแลทุกสรรพสิ่งและสาวน้อยภูตที่เกิดมาจากทั้งสองนามว่า เอเรน ผู้ครอบครองพลังสุดแกร่งอย่างการควบคุมธาตุ...\r\n', 'Now Available', 0, 130, 180, 'https://storage.naiin.com/system/application/bookstore/resource/product/202010/514164/1000237022_front_XXL.jpg?imgname=%E0%B8%9B%E0%B9%8A%E0%B8%B0%E0%B8%9B%E0%B9%8B%E0%B8%B2%E0%B9%80%E0%B8%9B%E0%B9%87%E0%B8%99%E0%B8%9C%E0%B8%B9%E0%B9%89%E0%B8%81%E0%B8%A5%E0%B9%89%E0%B8%B2-%E0%B8%A1%E0%B8%B2%E0%B8%A1%E0%B9%89%E0%B8%B2%E0%B9%80%E0%B8%9B%E0%B9%87%E0%B8%99%E0%B9%80%E0%B8%97%E0%B8%9E%E0%B8%98%E0%B8%B4%E0%B8%94%E0%B8%B2-%E0%B8%AA%E0%B9%88%E0%B8%A7%E0%B8%99%E0%B8%AB%E0%B8%99%E0%B8%B9%E0%B8%81%E0%B8%A5%E0%B8%B1%E0%B8%9A%E0%B8%A1%E0%B8%B2%E0%B9%80%E0%B8%81%E0%B8%B4%E0%B8%94%E0%B9%83%E0%B8%AB%E0%B8%A1%E0%B9%88%E0%B8%9E%E0%B8%A5%E0%B8%B1%E0%B8%87%E0%B9%80%E0%B8%95%E0%B9%87%E0%B8%A1%E0%B8%9E%E0%B8%B4%E0%B8%81%E0%B8%B1%E0%B8%94-%E0%B9%80%E0%B8%A5%E0%B9%88%E0%B8%A1-1', '2024-08-15', 'https://siamintershop.com/product/11000408800015415', 1013, 1, 15, 10),
(66, 'ป๊ะป๋าเป็นผู้กล้า มาม้าเป็นเทพธิดา ส่วนหนูกลับมาเกิดใหม่พลังเต็มพิกัด เล่ม 2', ' Dad is a Hero, Mom is a Spirit, I\'m a Reincarnator vol.2', '父は英雄、母は精霊、娘の私は転生者。2', 'Fiction,Fantasy,Manga,Adventure', 'เมื่อเอเรนแสดงพลังสุดโกงออกมาเธอก็ถูกราชวงศ์เพ่งเล็งเข้า ป๊ะป๋าจึงต้องวิ่งเต้นทำทุกวิถีทางเพื่อปกป้องลูกสาวสุดที่รัก ส่วนมาม้าก็เกือบทำให้โลกต้องถึงกาลอวสาน เพราะเจ้าสาวคนใหม่ของน้องเขย...จากนิยายสุดฮิตในเว็บ \"มาเป็นนักเขียนนิยายกันเถอะ\" สู่หนังสือการ์ตูนลายเส้นสวยสดเปี่ยมคุณภาพ!!', 'Now Available', 0, 130, 180, 'https://storage.naiin.com/system/application/bookstore/resource/product/202010/514164/1000237022_front_XXL.jpg?imgname=%E0%B8%9B%E0%B9%8A%E0%B8%B0%E0%B8%9B%E0%B9%8B%E0%B8%B2%E0%B9%80%E0%B8%9B%E0%B9%87%E0%B8%99%E0%B8%9C%E0%B8%B9%E0%B9%89%E0%B8%81%E0%B8%A5%E0%B9%89%E0%B8%B2-%E0%B8%A1%E0%B8%B2%E0%B8%A1%E0%B9%89%E0%B8%B2%E0%B9%80%E0%B8%9B%E0%B9%87%E0%B8%99%E0%B9%80%E0%B8%97%E0%B8%9E%E0%B8%98%E0%B8%B4%E0%B8%94%E0%B8%B2-%E0%B8%AA%E0%B9%88%E0%B8%A7%E0%B8%99%E0%B8%AB%E0%B8%99%E0%B8%B9%E0%B8%81%E0%B8%A5%E0%B8%B1%E0%B8%9A%E0%B8%A1%E0%B8%B2%E0%B9%80%E0%B8%81%E0%B8%B4%E0%B8%94%E0%B9%83%E0%B8%AB%E0%B8%A1%E0%B9%88%E0%B8%9E%E0%B8%A5%E0%B8%B1%E0%B8%87%E0%B9%80%E0%B8%95%E0%B9%87%E0%B8%A1%E0%B8%9E%E0%B8%B4%E0%B8%81%E0%B8%B1%E0%B8%94-%E0%B9%80%E0%B8%A5%E0%B9%88%E0%B8%A1-2', '2024-08-15', 'https://siamintershop.com/product/11000408800015415', 1013, 1, 15, 10),
(67, 'ป๊ะป๋าเป็นผู้กล้า มาม้าเป็นเทพธิดา ส่วนหนูกลับมาเกิดใหม่พลังเต็มพิกัด เล่ม 3', ' Dad is a Hero, Mom is a Spirit, I\'m a Reincarnator vol.3', '父は英雄、母は精霊、娘の私は転生者。3', 'Fiction,Fantasy,Manga,Adventure', 'พระราชาจอมเจ้าเล่ห์โน้มน้าวให้เอเรนไปเป็นลูกสาว!? ในที่สุดก็ถึงคราวที่ต้องเผชิญหน้ากับราชวงศ์โดยตรง เอเรนถูกเรียกตัวไปราชวังพร้อมกับท่านพ่อก่อนจะเกิดศึกปะทะฝีปากระหว่างเธอและพระราชานำไปสู่สถานการณ์วุ่นวายอันยากจะคาดเดา... จากนิยายสุดฮิตในเว็บ \"มาเป็นนักเขียนนิยายกันเถอะ\" สู่หนังสือการ์ตูนลายเส้นสวยสดเปี่ยมคุณภาพ!!', 'Now Available', 0, 130, 180, 'https://storage.naiin.com/system/application/bookstore/resource/product/202102/521866/1000239482_front_XXL.jpg?imgname=%E0%B8%9B%E0%B9%8A%E0%B8%B0%E0%B8%9B%E0%B9%8B%E0%B8%B2%E0%B9%80%E0%B8%9B%E0%B9%87%E0%B8%99%E0%B8%9C%E0%B8%B9%E0%B9%89%E0%B8%81%E0%B8%A5%E0%B9%89%E0%B8%B2-%E0%B8%A1%E0%B8%B2%E0%B8%A1%E0%B9%89%E0%B8%B2%E0%B9%80%E0%B8%9B%E0%B9%87%E0%B8%99%E0%B9%80%E0%B8%97%E0%B8%9E%E0%B8%98%E0%B8%B4%E0%B8%94%E0%B8%B2-%E0%B8%AA%E0%B9%88%E0%B8%A7%E0%B8%99%E0%B8%AB%E0%B8%99%E0%B8%B9%E0%B8%81%E0%B8%A5%E0%B8%B1%E0%B8%9A%E0%B8%A1%E0%B8%B2%E0%B9%80%E0%B8%81%E0%B8%B4%E0%B8%94%E0%B9%83%E0%B8%AB%E0%B8%A1%E0%B9%88%E0%B8%9E%E0%B8%A5%E0%B8%B1%E0%B8%87%E0%B9%80%E0%B8%95%E0%B9%87%E0%B8%A1%E0%B8%9E%E0%B8%B4%E0%B8%81%E0%B8%B1%E0%B8%94-%E0%B9%80%E0%B8%A5%E0%B9%88%E0%B8%A1-3', '2024-08-15', 'https://siamintershop.com/product/11000408800015415', 1013, 1, 15, 10),
(68, 'ป๊ะป๋าเป็นผู้กล้า มาม้าเป็นเทพธิดา ส่วนหนูกลับมาเกิดใหม่พลังเต็มพิกัด เล่ม 4', ' Dad is a Hero, Mom is a Spirit, I\'m a Reincarnator vol.4', '父は英雄、母は精霊、娘の私は転生者。4', 'Fiction,Fantasy,Manga,Adventure', 'แม้จะอายุ 11 ปี แต่ภายนอกกลับไม่เปลี่ยนไปแม้แต่น้อย!? 3 ปีต่อมาหลังจากเกิดเรื่องบาดหมางกับราชวงศ์ เอเรน จำต้องเดินทางไปเหมืองกับป๊ะป๋าเพื่อช่วยงานของตระกูล แวนคราฟ และที่นั่นพวกเธอต้องเจอกับปัญหาใหญ่นั่นก็คือ...', 'Now Available', 0, 130, 180, 'https://storage.naiin.com/system/application/bookstore/resource/product/202104/525508/1000240901_front_XXL.jpg?imgname=%E0%B8%9B%E0%B9%8A%E0%B8%B0%E0%B8%9B%E0%B9%8B%E0%B8%B2%E0%B9%80%E0%B8%9B%E0%B9%87%E0%B8%99%E0%B8%9C%E0%B8%B9%E0%B9%89%E0%B8%81%E0%B8%A5%E0%B9%89%E0%B8%B2-%E0%B8%A1%E0%B8%B2%E0%B8%A1%E0%B9%89%E0%B8%B2%E0%B9%80%E0%B8%9B%E0%B9%87%E0%B8%99%E0%B9%80%E0%B8%97%E0%B8%9E%E0%B8%98%E0%B8%B4%E0%B8%94%E0%B8%B2-%E0%B8%AA%E0%B9%88%E0%B8%A7%E0%B8%99%E0%B8%AB%E0%B8%99%E0%B8%B9%E0%B8%81%E0%B8%A5%E0%B8%B1%E0%B8%9A%E0%B8%A1%E0%B8%B2%E0%B9%80%E0%B8%81%E0%B8%B4%E0%B8%94%E0%B9%83%E0%B8%AB%E0%B8%A1%E0%B9%88%E0%B8%9E%E0%B8%A5%E0%B8%B1%E0%B8%87%E0%B9%80%E0%B8%95%E0%B9%87%E0%B8%A1%E0%B8%9E%E0%B8%B4%E0%B8%81%E0%B8%B1%E0%B8%94-%E0%B9%80%E0%B8%A5%E0%B9%88%E0%B8%A1-4', '2024-08-15', 'https://siamintershop.com/product/11000408800015415', 1013, 1, 15, 10),
(69, 'ป๊ะป๋าเป็นผู้กล้า มาม้าเป็นเทพธิดา ส่วนหนูกลับมาเกิดใหม่พลังเต็มพิกัด เล่ม 5', ' Dad is a Hero, Mom is a Spirit, I\'m a Reincarnator vol.5', '父は英雄、母は精霊、娘の私は転生者。5', 'Fiction,Fantasy,Manga,Adventure', 'พอประดิษฐ์ยาขึ้นมาก็โดนวางแผน ลักพาตัวเลยอย่างนั้นเหรอ!?\r\nเอเรนเปิดศูนย์พยาบาลโดยใช้พลังสุดโกง กับความรู้สึกในชาติก่อน\r\nข่าวลือเรื่อง \"เจ้าหญิงแห่งการรักษา\" แพร่กระจาสยออกไปจนเอเรน\r\nท่าจะกลายเป็นที่จับจ้องซะแล้ว... จากนิยายสุดฮิตในเว็บ', 'Now Available', 0, 160, 180, 'https://storage.naiin.com/system/application/bookstore/resource/product/202112/537842/1000245349_front_XXL.jpg?imgname=%E0%B8%9B%E0%B9%8A%E0%B8%B0%E0%B8%9B%E0%B9%8B%E0%B8%B2%E0%B9%80%E0%B8%9B%E0%B9%87%E0%B8%99%E0%B8%9C%E0%B8%B9%E0%B9%89%E0%B8%81%E0%B8%A5%E0%B9%89%E0%B8%B2-%E0%B8%A1%E0%B8%B2%E0%B8%A1%E0%B9%89%E0%B8%B2%E0%B9%80%E0%B8%9B%E0%B9%87%E0%B8%99%E0%B9%80%E0%B8%97%E0%B8%9E%E0%B8%98%E0%B8%B4%E0%B8%94%E0%B8%B2-%E0%B8%AA%E0%B9%88%E0%B8%A7%E0%B8%99%E0%B8%AB%E0%B8%99%E0%B8%B9%E0%B8%81%E0%B8%A5%E0%B8%B1%E0%B8%9A%E0%B8%A1%E0%B8%B2%E0%B9%80%E0%B8%81%E0%B8%B4%E0%B8%94%E0%B9%83%E0%B8%AB%E0%B8%A1%E0%B9%88%E0%B8%9E%E0%B8%A5%E0%B8%B1%E0%B8%87%E0%B9%80%E0%B8%95%E0%B9%87%E0%B8%A1%E0%B8%9E%E0%B8%B4%E0%B8%81%E0%B8%B1%E0%B8%94-%E0%B9%80%E0%B8%A5%E0%B9%88%E0%B8%A1-5', '2024-08-15', 'https://siamintershop.com/product/11000408800015415', 1013, 1, 15, 10),
(70, 'ป๊ะป๋าเป็นผู้กล้า มาม้าเป็นเทพธิดา ส่วนหนูกลับมาเกิดใหม่พลังเต็มพิกัด เล่ม 6', ' Dad is a Hero, Mom is a Spirit, I\'m a Reincarnator vol.6', '父は英雄、母は精霊、娘の私は転生者。6', 'Fiction,Fantasy,Manga,Adventure', 'ส่วนหนูกลับมาเกิดใหม่พลังเต็มพิกัด เล่ม 6\r\n\r\nคดีลักพาตัวมีแผนร้ายซ่อนอยู่งั้นเหรอ!?\r\nพวกเอเรนวางแผนช่วยเหลือลาร์ฟเลีย\r\nร่วมกับคาดิเอล เจ้าชายแห่งอาณาจักรเท็มเบล\r\nทว่าดูเหมือนเบื้องหลังของเหตุการณ์คราวนี้\r\nจะเกี่ยวข้องกับกษัตริย์ตัวร้าย\r\nพระองค์นั้นอีกแล้ว... จากนิยายสุดฮิตในเว็บ', 'Now Available', 0, 160, 180, 'https://storage.naiin.com/system/application/bookstore/resource/product/202204/547230/1000248264_front_XXL.jpg?imgname=%E0%B8%9B%E0%B9%8A%E0%B8%B0%E0%B8%9B%E0%B9%8B%E0%B8%B2%E0%B9%80%E0%B8%9B%E0%B9%87%E0%B8%99%E0%B8%9C%E0%B8%B9%E0%B9%89%E0%B8%81%E0%B8%A5%E0%B9%89%E0%B8%B2-%E0%B8%A1%E0%B8%B2%E0%B8%A1%E0%B9%89%E0%B8%B2%E0%B9%80%E0%B8%9B%E0%B9%87%E0%B8%99%E0%B9%80%E0%B8%97%E0%B8%9E%E0%B8%98%E0%B8%B4%E0%B8%94%E0%B8%B2-%E0%B8%AA%E0%B9%88%E0%B8%A7%E0%B8%99%E0%B8%AB%E0%B8%99%E0%B8%B9%E0%B8%81%E0%B8%A5%E0%B8%B1%E0%B8%9A%E0%B8%A1%E0%B8%B2%E0%B9%80%E0%B8%81%E0%B8%B4%E0%B8%94%E0%B9%83%E0%B8%AB%E0%B8%A1%E0%B9%88%E0%B8%9E%E0%B8%A5%E0%B8%B1%E0%B8%87%E0%B9%80%E0%B8%95%E0%B9%87%E0%B8%A1%E0%B8%9E%E0%B8%B4%E0%B8%81%E0%B8%B1%E0%B8%94-%E0%B9%80%E0%B8%A5%E0%B9%88%E0%B8%A1-6', '2024-08-15', 'https://siamintershop.com/product/11000408800015415', 1013, 1, 15, 10),
(71, 'ป๊ะป๋าเป็นผู้กล้า มาม้าเป็นเทพธิดา ส่วนหนูกลับมาเกิดใหม่พลังเต็มพิกัด เล่ม 7', ' Dad is a Hero, Mom is a Spirit, I\'m a Reincarnator vol.7', '父は英雄、母は精霊、娘の私は転生者。7', 'Fiction,Fantasy,Manga,Adventure', '  ภัยอันตรายที่ไม่เคยบังเกิดขึ้นมาเยือน ณ อาณาจักรแห่งนี้...!!ความไร้ศรัทธาในตัวราชวงศ์กอปรกับการระบาดของโรคภัย นำมาซึ่งความโกลาหลครั้งใหญ่แก่อาณาจักรเท็มเบลเอเรนที่กลับไปพักใจในดินแดนภูตตัดสินใจยืนหยัดอีกครั้งเพื่อทำสิ่งที่เธอทำได้ให้สำเร็จ!', 'Now Available', 0, 160, 178, 'https://storage.naiin.com/system/application/bookstore/resource/product/202301/569585/1000257996_front_XXL.jpg?imgname=%E0%B8%9B%E0%B9%8A%E0%B8%B0%E0%B8%9B%E0%B9%8B%E0%B8%B2%E0%B9%80%E0%B8%9B%E0%B9%87%E0%B8%99%E0%B8%9C%E0%B8%B9%E0%B9%89%E0%B8%81%E0%B8%A5%E0%B9%89%E0%B8%B2-%E0%B8%A1%E0%B8%B2%E0%B8%A1%E0%B9%89%E0%B8%B2%E0%B9%80%E0%B8%9B%E0%B9%87%E0%B8%99%E0%B9%80%E0%B8%97%E0%B8%9E%E0%B8%98%E0%B8%B4%E0%B8%94%E0%B8%B2-%E0%B8%A5.7', '2024-08-15', 'https://siamintershop.com/product/11000408800015415', 1013, 1, 15, 10),
(72, 'ป๊ะป๋าเป็นผู้กล้า มาม้าเป็นเทพธิดา ส่วนหนูกลับมาเกิดใหม่พลังเต็มพิกัด เล่ม 8', ' Dad is a Hero, Mom is a Spirit, I\'m a Reincarnator vol.8', '父は英雄、母は精霊、娘の私は転生者。8', 'Fiction,Fantasy,Manga,Adventure', 'ต้องเข้าเรียนที่สถาบันหลวงของอาณาจักร!? มีจดหมายเชิญเข้าศึกษาที่โรงเรียนส่งมาถึงเอเธน เมื่อได้รับวิวรณ์ว่าที่โรงเรียนแห่งนั้นมีสิ่งที่มาม้าตามหา เอเรนจึงตัดสินใจเข้าเรียนโดยมีโรเวลไปด้วยทว่า ณ โรงเรียนแห่งนั้น เต็มไปด้วยแผนร้ายและปริศนา ไม่ว่าจะเป็น ผอ.ที่จ้องจะครอบครองความรู้ของเอเรนและกลิ่นอายของภูตนิธนาม- จากนิยายสุดฮิตในเว็บ \"มาเป็นนักเขียนนิยายกันเถอะ\" สู่หนังสือการ์ตูนลายเส้นสวยสดเปี่ยมคุณภาพ!!เรื่องราวการกลับชาติมาเกิดใหม่สุดโกงแสนน่ารักของสาวน้อยพลังล้นเต็มพิกัด ที่จะค้นหาปริศนาที่ซ่อนอยู่!!', 'Now Available', 0, 160, 170, 'https://storage.naiin.com/system/application/bookstore/resource/product/202309/589321/1000264550_front_XXL.jpg?imgname=%E0%B8%9B%E0%B9%8A%E0%B8%B0%E0%B8%9B%E0%B9%8B%E0%B8%B2%E0%B9%80%E0%B8%9B%E0%B9%87%E0%B8%99%E0%B8%9C%E0%B8%B9%E0%B9%89%E0%B8%81%E0%B8%A5%E0%B9%89%E0%B8%B2-%E0%B8%A1%E0%B8%B2%E0%B8%A1%E0%B9%89%E0%B8%B2%E0%B9%80%E0%B8%9B%E0%B9%87%E0%B8%99%E0%B9%80%E0%B8%97%E0%B8%9E%E0%B8%98%E0%B8%B4%E0%B8%94%E0%B8%B2-%E0%B9%80%E0%B8%A5%E0%B9%88%E0%B8%A1-8', '2024-08-15', 'https://siamintershop.com/product/11000408800015415', 1013, 1, 15, 10),
(73, 'ป๊ะป๋าเป็นผู้กล้า มาม้าเป็นเทพธิดา ส่วนหนูกลับมาเกิดใหม่พลังเต็มพิกัด เล่ม 9', ' Dad is a Hero, Mom is a Spirit, I\'m a Reincarnator vol.9', '父は英雄、母は精霊、娘の私は転生者。9', 'Fiction,Fantasy,Manga,Adventure', 'เริ่มแผนการลับสุดยอดงั้นเหรอ!?ในวันที่ 2 ของการแลกเปลี่ยนที่สถาบันหลวงแห่งอาณาจักรเท็มเบล กลุ่มเอเรนได้พบกับฮูล์มผู้เป็นหมอหลวงอีกครั้ง ฮูล์มถูกควบคุมให้ทำตามคำสั่งของผู้อำนวยการโรงเรียนเพื่อแม่ที่ร่างกายอ่อนแอเอเรนที่รู้เรื่องนั้นเข้าได้เสนอความช่วยเหลือให้แม่ของฮูล์ม... !จากนิยายสุดฮิตในเว็บ\"มาเป็นนักเขียนนิยายกันเถอยสู่หนังสือการ์ตูนลายเส้นสวยสดเปียมคุณภาพ!!เรื่องราวการกลับชาติมาเกิดใหม่สุดโภงแสนน่ารักของสาวน้อยพลังล้นเต็มพิกัดที่จะกลี่คลายปัญหาด้วยความเก่งกาจที่มี!!', 'Now Available', 0, 160, 170, 'https://storage.naiin.com/system/application/bookstore/resource/product/202312/599896/1000268123_front_XXL.jpg?imgname=%E0%B8%9B%E0%B9%8A%E0%B8%B0%E0%B8%9B%E0%B9%8B%E0%B8%B2%E0%B9%80%E0%B8%9B%E0%B9%87%E0%B8%99%E0%B8%9C%E0%B8%B9%E0%B9%89%E0%B8%81%E0%B8%A5%E0%B9%89%E0%B8%B2-%E0%B8%A1%E0%B8%B2%E0%B8%A1%E0%B9%89%E0%B8%B2%E0%B9%80%E0%B8%9B%E0%B9%87%E0%B8%99%E0%B9%80%E0%B8%97%E0%B8%9E%E0%B8%98%E0%B8%B4%E0%B8%94%E0%B8%B2-%E0%B8%AA%E0%B9%88%E0%B8%A7%E0%B8%99%E0%B8%AB%E0%B8%99%E0%B8%B9%E0%B8%81%E0%B8%A5%E0%B8%B1%E0%B8%9A%E0%B8%A1%E0%B8%B2%E0%B9%80%E0%B8%81%E0%B8%B4%E0%B8%94%E0%B9%83%E0%B8%AB%E0%B8%A1%E0%B9%88%E0%B8%9E%E0%B8%A5%E0%B8%B1%E0%B8%87%E0%B9%81%E0%B8%95%E0%B9%89%E0%B8%A1%E0%B8%9E%E0%B8%B4%E0%B8%81%E0%B8%B1%E0%B8%94-%E0%B9%80%E0%B8%A5%E0%B9%88%E0%B8%A1-9', '2024-08-15', 'https://siamintershop.com/product/11000408800015415', 1013, 1, 15, 10),
(74, 'ป๊ะป๋าเป็นผู้กล้า มาม้าเป็นเทพธิดา ส่วนหนูกลับมาเกิดใหม่พลังเต็มพิกัด เล่ม 10', ' Dad is a Hero, Mom is a Spirit, I\'m a Reincarnator vol.10', '父は英雄、母は精霊、娘の私は転生者。10', 'Fiction,Fantasy,Manga,Adventure', 'มีภูตถูกขังอยู่ในโรงเรียนงั้นเหรอ!?ภายในห้องใต้ดินที่ถูกซ่อนอยู่ในสถาบันการศึกษาหลวงแห่งอาณาจักรเท็มเบล เอเรนได้นิมิตเห็นภูตนิรนามถูกโซ่ตรวนพันธนาการอยู่ในนั้นเอเรนพยายามจะช่วยภูตตนนั้น ทว่าไม่เป็นผลจึงลั่นวาจาว่าจะต้องมาช่วยเขาออกไปให้ได้หลังกลับมาปราสาทภูต ออริจินได้เปิดเผยตัวตนที่แท้จริงของภูตที่ถูกกักขัง รวมถึงต้นกำเนิดอันน่าตะลึงจากนิยายสุดฮิตในเว็บ \"มาเป็นนักเขียนนิยายกันเถอะ\" สู่หนังสือการ์ตูนลายเส้นสวยสดเปี่ยมคุณภาพ!!เรื่องราวการกลับชาติมาเกิดใหม่สุดโกงแสนน่ารักของสาวน้อยพลังล้นเต็มพิกัดที่กำลังจะค้นพบความจริงของโรงเรียนแห่งนี้!!', 'Now Available', 0, 160, 180, 'https://storage.naiin.com/system/application/bookstore/resource/product/202407/619255/1000274354_front_XXL.jpg?imgname=%E0%B8%9B%E0%B9%8A%E0%B8%B0%E0%B8%9B%E0%B9%8B%E0%B8%B2%E0%B9%80%E0%B8%9B%E0%B9%87%E0%B8%99%E0%B8%9C%E0%B8%B9%E0%B9%89%E0%B8%81%E0%B8%A5%E0%B9%89%E0%B8%B2-%E0%B8%A1%E0%B8%B2%E0%B8%A1%E0%B9%89%E0%B8%B2%E0%B9%80%E0%B8%9B%E0%B9%87%E0%B8%99%E0%B9%80%E0%B8%97%E0%B8%9E%E0%B8%98%E0%B8%B4%E0%B8%94%E0%B8%B2-%E0%B9%80%E0%B8%A5%E0%B9%88%E0%B8%A1--10', '2024-08-15', 'https://siamintershop.com/product/11000408800015415', 1013, 1, 15, 10),
(75, 'สาวซ่าจีบหนุ่มโอตาคุ! เล่ม 1', 'Even If It Is Second Hand, I Want to Fall in Love!, Chuuko demo Koi ga Shitai!, Genjitsu no Kanojo wa Irimasen! vol.1', '現実〈リアル〉の彼女〈ヒロイン〉はいりません！(Real no Heroine wa Irimasen!) 1', 'Fiction,Romance,R18+,Manga', 'อารามิยะ เซอิจิ นักเรียนม.ปลายโอตาคุ\r\nที่ไม่สนใจสาวสามมิติถูก อายามะ โคโตโกะ\r\nสาวซ่าจากโรงเรียนเดียวกันสารภาพรัก\r\nหลังจากพบกันด้วยเรื่องบังเอิญ แน่นอนว่า\r\nเขาปฏิเสธอย่างไม่ใยดี! ...\r\nแต้แม้เซอิจิจะปฏิเสธไปแบบนั้น\r\nโคโตโกะกลับบอกว่า\r\n\"ถ้างั้นฉันจะกลายเป็นสาวในอุดมคติ\r\nของนายให้ดู!\" และเปลี่ยนตัวเองเป็น\r\nสาวผูกเปียสองข้างราวกับ\r\nสาวน้อยผู้พิทักษ์ความยุติธรรม\r\nจากนั้นก็เริ่มไล่ตามเพื่อ\r\nจะให้ได้ใกล้ชิดกับเซอิจิมากที่สุด...?\r\nเส้นคู่ขนานของทั้งสองคนที่น่าจะ\r\nไม่เปลี่ยนไปจากเดิมจะมุ่งหน้าไปทางไหน!?\r\nเรื่องรักฮาๆ ของสาวซ่าที่เปลี่ยนเป็นสาวใสๆ\r\nกำลังจะเริ่มต้นขึ้นแล้ว!!', 'Now Available', 5, 160, 0, 'https://storage.naiin.com/system/application/bookstore/resource/product/202202/541639/1000246543_front_XXL.jpg?imgname=%E0%B8%AA%E0%B8%B2%E0%B8%A7%E0%B8%8B%E0%B9%88%E0%B8%B2%E0%B8%88%E0%B8%B5%E0%B8%9A%E0%B8%AB%E0%B8%99%E0%B8%B8%E0%B9%88%E0%B8%A1%E0%B9%82%E0%B8%AD%E0%B8%95%E0%B8%B2%E0%B8%84%E0%B8%B8!-%E0%B9%80%E0%B8%A5%E0%B9%88%E0%B8%A1-1', '2024-08-15', 'https://siamintershop.com/product/%E0%B9%81%E0%B8%A2%E0%B8%81%E0%B9%80%E0%B8%A5%E0%B9%88%E0%B8%A1-%E0%B8%AA%E0%B8%B2%E0%B8%A7%E0%B8%8B%E0%B9%88%E0%B8%B2%E0%B8%88%E0%B8%B5%E0%B8%9A%E0%B8%AB%E0%B8%99%E0%B8%B8%E0%B9%88%E0%B8%A1%E0%B9%82%E0%B8%AD%E0%B8%95%E0%B8%B2%E0%B8%84%E0%B8%B8-%E0%B9%80%E0%B8%A5%E0%B9%88%E0%B8%A1-01-20-%E0%B8%88%E0%B8%9A/11000408800015083', 1014, 1, 15, 11),
(76, 'สาวซ่าจีบหนุ่มโอตาคุ! เล่ม 2', 'Even If It Is Second Hand, I Want to Fall in Love!, Chuuko demo Koi ga Shitai!, Genjitsu no Kanojo wa Irimasen! vol.2', '現実〈リアル〉の彼女〈ヒロイン〉はいりません！(Real no Heroine wa Irimasen!) 2', 'Fiction,Romance,R18+,Manga', 'อายาเมะ โคโตโกะ สาวน้อยที่หลงใหลอารามิยะ เซอิจิ\r\nหนุ่มโอตาคุม.ปลาย เพื่อที่จะเป็นหญิงสาวในอุดมคติ\r\nของเซอิจิ โคโตโกะเริ่มเปลี่ยนแปลงตัวเอง\r\nตั้งแต่ทรงผมไปจนถึงหัดเล่นเกม 18+\r\nจนทำให้หัวใจของเซอิจิที่ไม่สนใจสาวสามมิติเริ่มต้น\r\nแต่ทว่า จู่ๆ ฮัทสึชิบะ ยูกะ ที่เป็นนักพากย์เสียง\r\nและสาวฮอตแระจำห้องก็มาสารภาพรักกับเขาซะงั้น...\r\nเป็นแค่โอตาคุเกมลามกแท้ๆ\r\nพอรู้ตัวอีกที กลับอยู่ในฮาเร็ม\r\nที่เต็มไปด้วยสาวสวย\r\nเหมือนตัวละครเอกในเกมยังไงยังงั้น!?!?', 'Now Available', 5, 160, 0, 'https://storage.naiin.com/system/application/bookstore/resource/product/202205/548364/1000248794_front_XXL.jpg?imgname=%E0%B8%AA%E0%B8%B2%E0%B8%A7%E0%B8%8B%E0%B9%88%E0%B8%B2%E0%B8%88%E0%B8%B5%E0%B8%9A%E0%B8%AB%E0%B8%99%E0%B8%B8%E0%B9%88%E0%B8%A1%E0%B9%82%E0%B8%AD%E0%B8%95%E0%B8%B2%E0%B8%84%E0%B8%B8!-%E0%B9%80%E0%B8%A5%E0%B9%88%E0%B8%A1-2', '2024-08-15', 'https://siamintershop.com/product/%E0%B9%81%E0%B8%A2%E0%B8%81%E0%B9%80%E0%B8%A5%E0%B9%88%E0%B8%A1-%E0%B8%AA%E0%B8%B2%E0%B8%A7%E0%B8%8B%E0%B9%88%E0%B8%B2%E0%B8%88%E0%B8%B5%E0%B8%9A%E0%B8%AB%E0%B8%99%E0%B8%B8%E0%B9%88%E0%B8%A1%E0%B9%82%E0%B8%AD%E0%B8%95%E0%B8%B2%E0%B8%84%E0%B8%B8-%E0%B9%80%E0%B8%A5%E0%B9%88%E0%B8%A1-01-20-%E0%B8%88%E0%B8%9A/11000408800015083', 1014, 1, 15, 11),
(77, 'สาวซ่าจีบหนุ่มโอตาคุ! เล่ม 3', 'Even If It Is Second Hand, I Want to Fall in Love!, Chuuko demo Koi ga Shitai!, Genjitsu no Kanojo wa Irimasen! vol.3', '現実〈リアル〉の彼女〈ヒロイン〉はいりません！(Real no Heroine wa Irimasen!) 3', 'Fiction,Romance,R18+,Manga', 'อายาะเมะ โคโตโกะสาวซ่าอันดับหนึ่งของโรงเรียน\r\nกับฮัทสึชิบะ ยูกะ นักพากย์เสียงสาว\r\nที่เป็นดาวเด่นประจำห้อง\r\nรุมเข้าหาอารามิยะ เซอิจิ หนุ่ม ม.ปลาย\r\nที่ไม่สนใจอะไรนอกจากสาวสองมิติ\r\nโดยพร้อมเพรียงกัน\r\nเขาจึงตกอยู่ในสถานการณ์เดียวกับ\r\nเกมลามกยังไงยังงั้น\r\nยิ่งกว่านั้น แฟนเก่า (?) ของโคโตโกะ\r\nโผล่มาใช้กำลังเพื่อที่จะขอคืนดีด้วย...!?\r\n\r\nไม่น่าเชื่อว่ามีงานอีเวนต์ออกไปข้างนอก\r\nกับสาวสามมิติด้วยล่ะ!?', 'Now Available', 5, 160, 0, 'https://storage.naiin.com/system/application/bookstore/resource/product/202207/552968/1000251365_front_XXL.jpg?imgname=%E0%B8%AA%E0%B8%B2%E0%B8%A7%E0%B8%8B%E0%B9%88%E0%B8%B2%E0%B8%88%E0%B8%B5%E0%B8%9A%E0%B8%AB%E0%B8%99%E0%B8%B8%E0%B9%88%E0%B8%A1%E0%B9%82%E0%B8%AD%E0%B8%95%E0%B8%B2%E0%B8%84%E0%B8%B8!-%E0%B9%80%E0%B8%A5%E0%B9%88%E0%B8%A1-3', '2024-08-15', 'https://siamintershop.com/product/%E0%B9%81%E0%B8%A2%E0%B8%81%E0%B9%80%E0%B8%A5%E0%B9%88%E0%B8%A1-%E0%B8%AA%E0%B8%B2%E0%B8%A7%E0%B8%8B%E0%B9%88%E0%B8%B2%E0%B8%88%E0%B8%B5%E0%B8%9A%E0%B8%AB%E0%B8%99%E0%B8%B8%E0%B9%88%E0%B8%A1%E0%B9%82%E0%B8%AD%E0%B8%95%E0%B8%B2%E0%B8%84%E0%B8%B8-%E0%B9%80%E0%B8%A5%E0%B9%88%E0%B8%A1-01-20-%E0%B8%88%E0%B8%9A/11000408800015083', 1014, 1, 15, 11),
(78, 'สาวซ่าจีบหนุ่มโอตาคุ! เล่ม 4', 'Even If It Is Second Hand, I Want to Fall in Love!, Chuuko demo Koi ga Shitai!, Genjitsu no Kanojo wa Irimasen! vol.4', '現実〈リアル〉の彼女〈ヒロイン〉はいりません！(Real no Heroine wa Irimasen!) 4', 'Fiction,Romance,R18+,Manga', '     อารามิยะ เซอิจิ นักเรียน ม.ปลายที่เป็นดอตาคุเกมผุ้ใหญ่\r\n\r\nได้ช่วยอายาเมะ โคโตโกะ สาวซ่าอันดับหนึ่ง\r\n\r\nของโรงเรียนไว้จากสถานการณ์คับขัน\r\n\r\nในขณะเขาเริ่มรู้สึกว่า ในที่สุดชีวิตอันแสนสงบก็กลับมาสักที..\r\n\r\nกลับเกิดเหตุการณ์เหมือนในเกมผู้ใหญ่ที่จู่ๆ สุวามะ อิบุ\r\n\r\nต้อตอที่ทำให้เซอิจิเกลียดสาวสามมิติก็ย้ายโรงเรียนมา !?', 'Now Available', 5, 160, 178, 'https://storage.naiin.com/system/application/bookstore/resource/product/202209/560453/1000254062_front_XXL.jpg?imgname=%E0%B8%AA%E0%B8%B2%E0%B8%A7%E0%B8%8B%E0%B9%88%E0%B8%B2%E0%B8%88%E0%B8%B5%E0%B8%9A%E0%B8%AB%E0%B8%99%E0%B8%B8%E0%B9%88%E0%B8%A1%E0%B9%82%E0%B8%AD%E0%B8%95%E0%B8%B2%E0%B8%84%E0%B8%B8-%E0%B8%A5.4', '2024-08-15', 'https://siamintershop.com/product/%E0%B9%81%E0%B8%A2%E0%B8%81%E0%B9%80%E0%B8%A5%E0%B9%88%E0%B8%A1-%E0%B8%AA%E0%B8%B2%E0%B8%A7%E0%B8%8B%E0%B9%88%E0%B8%B2%E0%B8%88%E0%B8%B5%E0%B8%9A%E0%B8%AB%E0%B8%99%E0%B8%B8%E0%B9%88%E0%B8%A1%E0%B9%82%E0%B8%AD%E0%B8%95%E0%B8%B2%E0%B8%84%E0%B8%B8-%E0%B9%80%E0%B8%A5%E0%B9%88%E0%B8%A1-01-20-%E0%B8%88%E0%B8%9A/11000408800015083', 1014, 1, 15, 11),
(79, 'สาวซ่าจีบหนุ่มโอตาคุ! เล่ม 5', 'Even If It Is Second Hand, I Want to Fall in Love!, Chuuko demo Koi ga Shitai!, Genjitsu no Kanojo wa Irimasen! vol.5', '現実〈リアル〉の彼女〈ヒロイン〉はいりません！(Real no Heroine wa Irimasen!) 5', 'Fiction,Romance,R18+,Manga', '   story  อารามียะ เซอิจิ นักเรียน ม.ปลายผู้ไม่ค่อยถนัดนักเรียนใหม่ที่มาปรากฎตัวต่อหน้าเขาคือ\r\nมักคุ้นกับสาวสามมิติที่มีตัวตนจริงๆ สวามะ อิบุ ตัวจุดขนวนที่สร้างแผลใจให้แก่เขา อิบุที่แปลงกายเป็นสาวเปรี้ยวพยายามใช้เรื่องราวที่เป็นแผลใจในอดีตมาบังคับให้เซอิจิทำตามคำสั่ง...โคโตโกะเดือดดาลกับอิบุที่ทำแบบนั้นและพยายามสู้กลับเพื่อที่จะลบข่าวคือแย่ๆ ของตัวเอง...ติวเสริมหลังสิกเรียน งานเทสกาลดอกใไม่ไฟอีเวนต์น้ำตื่นตาตื่นใจที่กำลังหลังใหลเข้ามา!?', 'Now Available', 5, 160, 179, 'https://storage.naiin.com/system/application/bookstore/resource/product/202210/563894/1000255649_front_XXL.jpg?imgname=%E0%B8%AA%E0%B8%B2%E0%B8%A7%E0%B8%8B%E0%B9%88%E0%B8%B2%E0%B8%88%E0%B8%B5%E0%B8%9A%E0%B8%AB%E0%B8%99%E0%B8%B8%E0%B9%88%E0%B8%A1%E0%B9%82%E0%B8%AD%E0%B8%95%E0%B8%B2%E0%B8%84%E0%B8%B8-%E0%B8%A5.5', '2024-08-15', 'https://siamintershop.com/product/%E0%B9%81%E0%B8%A2%E0%B8%81%E0%B9%80%E0%B8%A5%E0%B9%88%E0%B8%A1-%E0%B8%AA%E0%B8%B2%E0%B8%A7%E0%B8%8B%E0%B9%88%E0%B8%B2%E0%B8%88%E0%B8%B5%E0%B8%9A%E0%B8%AB%E0%B8%99%E0%B8%B8%E0%B9%88%E0%B8%A1%E0%B9%82%E0%B8%AD%E0%B8%95%E0%B8%B2%E0%B8%84%E0%B8%B8-%E0%B9%80%E0%B8%A5%E0%B9%88%E0%B8%A1-01-20-%E0%B8%88%E0%B8%9A/11000408800015083', 1014, 1, 15, 11),
(80, 'สาวซ่าจีบหนุ่มโอตาคุ! เล่ม 6', 'Even If It Is Second Hand, I Want to Fall in Love!, Chuuko demo Koi ga Shitai!, Genjitsu no Kanojo wa Irimasen! vol.6', '現実〈リアル〉の彼女〈ヒロイン〉はいりません！(Real no Heroine wa Irimasen!) 6', 'Fiction,Romance,R18+,Manga', 'storyเซอิจิต่อต้านสุวามะอิบุ ตัวปัญหาที่มีบาดแผลทางใจแม้เขาจะสลัดความไม่สบายใจในอดีตทิ้งไปได้แล้วแต่จู่ๆ อับุก็ปรากฏตัวขึ้นและใช้กำลังบังคับสองต่อสองในห้องเก็บของโรงยิม ประตูที่ล็อกสนิก...แผนการครั้งนี้อาจทำให้เซอิจิเสียความบริสุทธิ์ก็เป็นได้...ข่าวลือชุบซิบเกี่ยวกับโคโตโกะยิ่งทวีความรุนแรงขึ้นปัญหามีมาเรื่อยๆ แบบไม่หยุดหย่อน!?เรื่องราวความรักแบบฮาๆของสาวซ่าที่เปลี่ยนมาเป็นสาวใสบริสุทธิ์บทสรูปของบาดแผลทางใจติดตามต่อได้ในเล่ม 6!!', 'Now Available', 5, 160, 182, 'https://storage.naiin.com/system/application/bookstore/resource/product/202212/568183/1000257404_front_XXL.jpg?imgname=%E0%B8%AA%E0%B8%B2%E0%B8%A7%E0%B8%8B%E0%B9%88%E0%B8%B2%E0%B8%88%E0%B8%B5%E0%B8%9A%E0%B8%AB%E0%B8%99%E0%B8%B8%E0%B9%88%E0%B8%A1%E0%B9%82%E0%B8%AD%E0%B8%95%E0%B8%B2%E0%B8%84%E0%B8%B8-%E0%B8%A5.6', '2024-08-15', 'https://siamintershop.com/product/%E0%B9%81%E0%B8%A2%E0%B8%81%E0%B9%80%E0%B8%A5%E0%B9%88%E0%B8%A1-%E0%B8%AA%E0%B8%B2%E0%B8%A7%E0%B8%8B%E0%B9%88%E0%B8%B2%E0%B8%88%E0%B8%B5%E0%B8%9A%E0%B8%AB%E0%B8%99%E0%B8%B8%E0%B9%88%E0%B8%A1%E0%B9%82%E0%B8%AD%E0%B8%95%E0%B8%B2%E0%B8%84%E0%B8%B8-%E0%B9%80%E0%B8%A5%E0%B9%88%E0%B8%A1-01-20-%E0%B8%88%E0%B8%9A/11000408800015083', 1014, 1, 15, 11),
(81, 'สาวซ่าจีบหนุ่มโอตาคุ! เล่ม 7', 'Even If It Is Second Hand, I Want to Fall in Love!, Chuuko demo Koi ga Shitai!, Genjitsu no Kanojo wa Irimasen! vol.7', '現実〈リアル〉の彼女〈ヒロイン〉はいりません！(Real no Heroine wa Irimasen!) 7', 'Fiction,Romance,R18+,Manga', '  ข่าวลือไม่ดีเกี่ยวกับเซอิจิทวีความหนักข้อขึ้นเรื่อยๆในขณะที่ประธานนักเรียนก็พยายามเข้าหาโคโตโกะหนักขึ้นกว่าเดิมมิหนำซ้ำ พวกครูยังมาตรวจค้นฉุกเฉินในห้องเรียนและยังจะทำโทษซอิจิโดยการไล่ออกอีกด้วย...?!\r\n\r\n', 'Now Available', 5, 160, 174, 'https://storage.naiin.com/system/application/bookstore/resource/product/202301/570584/1000258388_front_XXL.jpg?imgname=%E0%B8%AA%E0%B8%B2%E0%B8%A7%E0%B8%8B%E0%B9%88%E0%B8%B2%E0%B8%88%E0%B8%B5%E0%B8%9A%E0%B8%AB%E0%B8%99%E0%B8%B8%E0%B9%88%E0%B8%A1%E0%B9%82%E0%B8%AD%E0%B8%95%E0%B8%B2%E0%B8%84%E0%B8%B8-%E0%B8%A5.7', '2024-08-15', 'https://siamintershop.com/product/%E0%B9%81%E0%B8%A2%E0%B8%81%E0%B9%80%E0%B8%A5%E0%B9%88%E0%B8%A1-%E0%B8%AA%E0%B8%B2%E0%B8%A7%E0%B8%8B%E0%B9%88%E0%B8%B2%E0%B8%88%E0%B8%B5%E0%B8%9A%E0%B8%AB%E0%B8%99%E0%B8%B8%E0%B9%88%E0%B8%A1%E0%B9%82%E0%B8%AD%E0%B8%95%E0%B8%B2%E0%B8%84%E0%B8%B8-%E0%B9%80%E0%B8%A5%E0%B9%88%E0%B8%A1-01-20-%E0%B8%88%E0%B8%9A/11000408800015083', 1014, 1, 15, 11),
(82, 'สาวซ่าจีบหนุ่มโอตาคุ! เล่ม 8', 'Even If It Is Second Hand, I Want to Fall in Love!, Chuuko demo Koi ga Shitai!, Genjitsu no Kanojo wa Irimasen! vol.8', '現実〈リアル〉の彼女〈ヒロイン〉はいりません！(Real no Heroine wa Irimasen!) 8', 'Fiction,Romance,R18+,Manga', 'พวกเซอิจิที่เดินทางมาเข้าค่ายชมรมสนุกกับหน้าร้อนที่เต็มไปด้วยกิจกรรมกลางแจ้งทั้งไปทะเลและภูเขาท่ามกลางบรรยากาศแบบนั้น อาจารย์โคตานิกลับพูดอะไรบางอย่างที่เปลี่ยนความรู้สึกของโคโตโกะไปโดยปริยาย...?', 'Now Available', 5, 160, 153, 'https://storage.naiin.com/system/application/bookstore/resource/product/202301/570584/1000258388_front_XXL.jpg?imgname=%E0%B8%AA%E0%B8%B2%E0%B8%A7%E0%B8%8B%E0%B9%88%E0%B8%B2%E0%B8%88%E0%B8%B5%E0%B8%9A%E0%B8%AB%E0%B8%99%E0%B8%B8%E0%B9%88%E0%B8%A1%E0%B9%82%E0%B8%AD%E0%B8%95%E0%B8%B2%E0%B8%84%E0%B8%B8-%E0%B8%A5.7', '2024-08-15', 'https://storage.naiin.com/system/application/bookstore/resource/product/202304/576914/1000260457_front_XXL.jpg?imgname=%E0%B8%AA%E0%B8%B2%E0%B8%A7%E0%B8%8B%E0%B9%88%E0%B8%B2%E0%B8%88%E0%B8%B5%E0%B8%9A%E0%B8%AB%E0%B8%99%E0%B8%B8%E0%B9%88%E0%B8%A1%E0%B9%82%E0%B8%AD%E0%B8%95%E0%B8%B2%E0%B8%84%E0%B8%B8-%E0%B8%A5.8', 1014, 1, 15, 11),
(83, 'สาวซ่าจีบหนุ่มโอตาคุ! เล่ม 9', 'Even If It Is Second Hand, I Want to Fall in Love!, Chuuko demo Koi ga Shitai!, Genjitsu no Kanojo wa Irimasen! vol.9', '現実〈リアル〉の彼女〈ヒロイン〉はいりません！(Real no Heroine wa Irimasen!) 9', 'Fiction,Romance,R18+,Manga', '  story พวกโคโตโกะที่กำลังเตรียมไปงานคอมิเก็ตครั้งแรกกันอย่างตื่นเต้นบังเอิญเจอกับชิกุเระ อาโกะและคาเซฮารุ เคียวยะที่รู้จักเซอิจิและอิบูตอนสมัยประถมโดยบังเอิญเหมือนอาโกะจะไม่ถูกใจโคโตโกะสักเท่าไร...!เดตที่สวนสนุกกันสองต่อสองไปจนถึงประสบการณ์คอสเพลย์เกมลามกครั้งแรก!?เรื่องราวความรักแบบฮาๆของสาวซ่าที่เปลี่ยนมาเป็นสาวใสบริสุทธิ์ปัญหาชวนกลุ้มมาไม่มีหมดในเล่ม 9!!', 'Now Available', 5, 160, 180, 'https://storage.naiin.com/system/application/bookstore/resource/product/202305/579254/1000261190_front_XXL.jpg?imgname=%E0%B8%AA%E0%B8%B2%E0%B8%A7%E0%B8%8B%E0%B9%88%E0%B8%B2%E0%B8%88%E0%B8%B5%E0%B8%9A%E0%B8%AB%E0%B8%99%E0%B8%B8%E0%B9%88%E0%B8%A1%E0%B9%82%E0%B8%AD%E0%B8%95%E0%B8%B2%E0%B8%84%E0%B8%B8-%E0%B8%A5.9', '2024-08-15', 'https://storage.naiin.com/system/application/bookstore/resource/product/202304/576914/1000260457_front_XXL.jpg?imgname=%E0%B8%AA%E0%B8%B2%E0%B8%A7%E0%B8%8B%E0%B9%88%E0%B8%B2%E0%B8%88%E0%B8%B5%E0%B8%9A%E0%B8%AB%E0%B8%99%E0%B8%B8%E0%B9%88%E0%B8%A1%E0%B9%82%E0%B8%AD%E0%B8%95%E0%B8%B2%E0%B8%84%E0%B8%B8-%E0%B8%A5.8', 1014, 1, 15, 11),
(84, 'สาวซ่าจีบหนุ่มโอตาคุ! เล่ม 10', 'Even If It Is Second Hand, I Want to Fall in Love!, Chuuko demo Koi ga Shitai!, Genjitsu no Kanojo wa Irimasen! vol.10', '現実〈リアル〉の彼女〈ヒロイン〉はいりません！(Real no Heroine wa Irimasen!) 10', 'Fiction,Romance,R18+,Manga', ' ปิดเทอมหน้าร้อนสิ้นสุดลง เซอิจิและพรรคพวกเข้าสู่ช่วงเตรียมงานวัฒนธรรมในขณะที่กำลังยุ่งกับการเตรียมออกงานทั้งของชั้นเรียนและของชมรมอาโกะที่น่าจะเรียนอยู่โรงเรียนอีนกลับปรากฏตัวขึ้น.โคโตโกะกลายเป็นนางเอกที่ไต้รับการยอมรับระดับชั้นเรียน!?ยิ่งกว่านั้น การอยู่สองต่อสองในห้องเรียนของโคโตโกะ...!?เรื่องราวความรักแขบฮาๆ ของสาวซ่าทีเปลี่ยนมาเป็นสาวใสบริสุทธิ์วี่แววความไม่สงบเหมือนจะกลับมาอีกแล้วในเล่ม 10!!\"', 'Now Available', 5, 160, 184, 'https://storage.naiin.com/system/application/bookstore/resource/product/202306/583002/1000262177_front_XXL.jpg?imgname=%E0%B8%AA%E0%B8%B2%E0%B8%A7%E0%B8%8B%E0%B9%88%E0%B8%B2%E0%B8%88%E0%B8%B5%E0%B8%9A%E0%B8%AB%E0%B8%99%E0%B8%B8%E0%B9%88%E0%B8%A1%E0%B9%82%E0%B8%AD%E0%B8%95%E0%B8%B2%E0%B8%84%E0%B8%B8-%E0%B8%A5.10', '2024-08-15', 'https://storage.naiin.com/system/application/bookstore/resource/product/202304/576914/1000260457_front_XXL.jpg?imgname=%E0%B8%AA%E0%B8%B2%E0%B8%A7%E0%B8%8B%E0%B9%88%E0%B8%B2%E0%B8%88%E0%B8%B5%E0%B8%9A%E0%B8%AB%E0%B8%99%E0%B8%B8%E0%B9%88%E0%B8%A1%E0%B9%82%E0%B8%AD%E0%B8%95%E0%B8%B2%E0%B8%84%E0%B8%B8-%E0%B8%A5.8', 1014, 1, 15, 11),
(85, 'สาวซ่าจีบหนุ่มโอตาคุ! เล่ม 11', 'Even If It Is Second Hand, I Want to Fall in Love!, Chuuko demo Koi ga Shitai!, Genjitsu no Kanojo wa Irimasen! vol.11', '現実〈リアル〉の彼女〈ヒロイン〉はいりません！(Real no Heroine wa Irimasen!) 11', 'Fiction,Romance,R18+,Manga', 'ทุกคนยุ่งกับการเตรียมงานวัฒนธรรมโคโตโกะและอิบุต่างลองสวมชุดเมดที่เหลือก็แค่รอวันงานจริงเท่านั้น...แต่มีแค่ยูกะคนเดียวที่ดูแปลกๆ ไป...เมดคาเฟ่ที่สมจริงราวกับยกออกมาจากเกมลามกยังไงยังงั้น!?รวมถึงเรื่องกลุ้มใจของสาวบริสุทธิ์ด้วย...?เรื่องราวความรักแบบฮาๆของสาวซ่าที่เปลี่ยนมาเป็นสาวใสบริสุทธิ์พบกับชุดเมดคาเฟ่แบบจัดเต็มและการเริ่มต้นของงานวัฒนธรรมในเล่ม 11!!', 'Now Available', 5, 160, 170, 'https://storage.naiin.com/system/application/bookstore/resource/product/202306/583002/1000262177_front_XXL.jpg?imgname=%E0%B8%AA%E0%B8%B2%E0%B8%A7%E0%B8%8B%E0%B9%88%E0%B8%B2%E0%B8%88%E0%B8%B5%E0%B8%9A%E0%B8%AB%E0%B8%99%E0%B8%B8%E0%B9%88%E0%B8%A1%E0%B9%82%E0%B8%AD%E0%B8%95%E0%B8%B2%E0%B8%84%E0%B8%B8-%E0%B8%A5.11', '2024-08-15', 'https://storage.naiin.com/system/application/bookstore/resource/product/202304/576914/1000260457_front_XXL.jpg?imgname=%E0%B8%AA%E0%B8%B2%E0%B8%A7%E0%B8%8B%E0%B9%88%E0%B8%B2%E0%B8%88%E0%B8%B5%E0%B8%9A%E0%B8%AB%E0%B8%99%E0%B8%B8%E0%B9%88%E0%B8%A1%E0%B9%82%E0%B8%AD%E0%B8%95%E0%B8%B2%E0%B8%84%E0%B8%B8-%E0%B8%A5.8', 1014, 1, 15, 11),
(86, 'สาวซ่าจีบหนุ่มโอตาคุ! เล่ม 12', 'Even If It Is Second Hand, I Want to Fall in Love!, Chuuko demo Koi ga Shitai!, Genjitsu no Kanojo wa Irimasen! vol.12', '現実〈リアル〉の彼女〈ヒロイン〉はいりません！(Real no Heroine wa Irimasen!) 12', 'Fiction,Romance,R18+,Manga', 'งานวัฒนธรรมสองโรงเรียนวันแรกชิกเระ อาโกะ วางแผนปล่อยข่าวอื้อฉาวของโคโตโกะโดยใช้มุมจดหมาย รายการวิทยุในโรงเรียนของยูกะเป็นเครื่องมือเนื้อหาในจดหมายที่ยูกะอ่านคืออะไร....ยูกะได้ตัดสินใจทำบางอย่าง...ยิ่งกว่านั้น เมื่อเข้าสู่งานวัฒนธรรมวันที่สองพวกอาโกะก็คิดร้ายต่อโคโตโกะมากยิ่งขึ้น...สาเหตุที่ทำให้คิดร้ายกับโคโตโกะคือเรื่องอะไรกันแน่...!และยูกะก็ทำสิ่งที่ยิ่งใหญ่...เรื่องราวความรักฮาๆ ของสาวซ่าที่เปลี่ยนมาเป็นสาวใสบริสุทธิ์ติดตามเรื่องไม่ลับและความหวานซ่อนเปรี้ยวได้ในเล่ม 12!', 'Now Available', 5, 160, 160, 'https://storage.naiin.com/system/application/bookstore/resource/product/202308/587300/1000263951_front_XXL.jpg?imgname=%E0%B8%AA%E0%B8%B2%E0%B8%A7%E0%B8%8B%E0%B9%88%E0%B8%B2%E0%B8%88%E0%B8%B5%E0%B8%9A%E0%B8%AB%E0%B8%99%E0%B8%B8%E0%B9%88%E0%B8%A1%E0%B9%82%E0%B8%AD%E0%B8%95%E0%B8%B2%E0%B8%84%E0%B8%B8-%E0%B8%A5.12', '2024-08-15', 'https://storage.naiin.com/system/application/bookstore/resource/product/202304/576914/1000260457_front_XXL.jpg?imgname=%E0%B8%AA%E0%B8%B2%E0%B8%A7%E0%B8%8B%E0%B9%88%E0%B8%B2%E0%B8%88%E0%B8%B5%E0%B8%9A%E0%B8%AB%E0%B8%99%E0%B8%B8%E0%B9%88%E0%B8%A1%E0%B9%82%E0%B8%AD%E0%B8%95%E0%B8%B2%E0%B8%84%E0%B8%B8-%E0%B8%A5.8', 1014, 1, 15, 11),
(87, 'สาวซ่าจีบหนุ่มโอตาคุ! เล่ม 13', 'Even If It Is Second Hand, I Want to Fall in Love!, Chuuko demo Koi ga Shitai!, Genjitsu no Kanojo wa Irimasen! vol.13', '現実〈リアル〉の彼女〈ヒロイン〉はいりません！(Real no Heroine wa Irimasen!) 13', 'Fiction,Romance,R18+,Manga', 'งานวัฒนธรรมร่วมโรงเรียนวันที่สองชั้นเรียนของพวกเซอิจิแสดงละครเวทีเรื่อง \"โรมิโอกับจูเลียต\"โคโตโกะที่รับบทจูเลียตแสดงอย่างสง่าผ่าเผยบนเวทีท่ามกลางความตื่นเต้นดีใจของเซอิจิที่เห็นภาพนั้นจะเป็นยังไงกันนะ...!?ช่วงท้ายของการแสดง มีเหตุการณ์ไม่คาดคิดเกิดขึ้นกับทั้งสองในฉากที่เป็นไฮไลต์ที่สุดของโรมิโอกับจูเลียต...สาเหตุของเหตุการณ์นั้น มีคนคนนั้นมาเกี่ยวข้องด้วยหรือเปล่า...!?เรื่องราวความรักฮาๆ ของสาวซ่าที่เปลี่ยนมาเป็นสาวใสบริสุทธิ์กับสิ่งที่ไม่คาดคิดในฉากไฮไลต์ของละครอ่านกันต่อในเล่ม 13!!', 'Now Available', 5, 160, 160, 'https://storage.naiin.com/system/application/bookstore/resource/product/202308/587300/1000263951_front_XXL.jpg?imgname=%E0%B8%AA%E0%B8%B2%E0%B8%A7%E0%B8%8B%E0%B9%88%E0%B8%B2%E0%B8%88%E0%B8%B5%E0%B8%9A%E0%B8%AB%E0%B8%99%E0%B8%B8%E0%B9%88%E0%B8%A1%E0%B9%82%E0%B8%AD%E0%B8%95%E0%B8%B2%E0%B8%84%E0%B8%B8-%E0%B8%A5.13', '2024-08-15', 'https://storage.naiin.com/system/application/bookstore/resource/product/202304/576914/1000260457_front_XXL.jpg?imgname=%E0%B8%AA%E0%B8%B2%E0%B8%A7%E0%B8%8B%E0%B9%88%E0%B8%B2%E0%B8%88%E0%B8%B5%E0%B8%9A%E0%B8%AB%E0%B8%99%E0%B8%B8%E0%B9%88%E0%B8%A1%E0%B9%82%E0%B8%AD%E0%B8%95%E0%B8%B2%E0%B8%84%E0%B8%B8-%E0%B8%A5.8', 1014, 1, 15, 11),
(88, 'สาวซ่าจีบหนุ่มโอตาคุ! เล่ม 14', 'Even If It Is Second Hand, I Want to Fall in Love!, Chuuko demo Koi ga Shitai!, Genjitsu no Kanojo wa Irimasen! vol.14', '現実〈リアル〉の彼女〈ヒロイン〉はいりません！(Real no Heroine wa Irimasen!) 14', 'Fiction,Romance,R18+,Manga', 'อีเวนต์สุดท้ายของงานวัฒนธรรมสองโรงเรียนที่ชิกุเระ อาโกะ วางแผนเอาไว้นั่นก็คือการประกวดนางงามของทั้งสองโรงเรียนนั่นเอง!!อาโกะเข้าร่วมประกวดนางงามเพราะต้องการใส่ร้ายโคโตโกะแต่เซอิจิวางแผนที่จะแก้สถานการณ์นั้นเอาไว้แล้วเรื่องราวความรักแบบฮาๆ ของสาวซ่ที่เปลี่ยนมาเป็นสาวใสบริสุทธิ์บทสรปของงานวัฒนธรรมสองโรงเรียนเหตุการณ์ทั้งหมงเริ่มคลี่คลายแล้วในเล่ม 14', 'Now Available', 5, 160, 170, 'https://storage.naiin.com/system/application/bookstore/resource/product/202308/587300/1000263951_front_XXL.jpg?imgname=%E0%B8%AA%E0%B8%B2%E0%B8%A7%E0%B8%8B%E0%B9%88%E0%B8%B2%E0%B8%88%E0%B8%B5%E0%B8%9A%E0%B8%AB%E0%B8%99%E0%B8%B8%E0%B9%88%E0%B8%A1%E0%B9%82%E0%B8%AD%E0%B8%95%E0%B8%B2%E0%B8%84%E0%B8%B8-%E0%B8%A5.14', '2024-08-15', 'https://storage.naiin.com/system/application/bookstore/resource/product/202304/576914/1000260457_front_XXL.jpg?imgname=%E0%B8%AA%E0%B8%B2%E0%B8%A7%E0%B8%8B%E0%B9%88%E0%B8%B2%E0%B8%88%E0%B8%B5%E0%B8%9A%E0%B8%AB%E0%B8%99%E0%B8%B8%E0%B9%88%E0%B8%A1%E0%B9%82%E0%B8%AD%E0%B8%95%E0%B8%B2%E0%B8%84%E0%B8%B8-%E0%B8%A5.8', 1014, 1, 15, 11),
(89, 'สาวซ่าจีบหนุ่มโอตาคุ! เล่ม 15', 'Even If It Is Second Hand, I Want to Fall in Love!, Chuuko demo Koi ga Shitai!, Genjitsu no Kanojo wa Irimasen! vol.15', '現実〈リアル〉の彼女〈ヒロイン〉はいりません！(Real no Heroine wa Irimasen!) 15', 'Fiction,Romance,R18+,Manga', 'งานวัฒนธรรมสองโรงเรียนจบลงไปแล้วความสงบสุขมาเยือนพวกเซอิจิ และแล้วก็เข้าสู่ช่วงฤดูใบไม้ผลิพวกเซอิจิขึ้น ม.6 ขณะที่กำลังพูดคุยในชมรมวิจัยเกมดิจิตอลกับโคโตโกะ ยูกะ และอิบูตามปกติจู่ๆ ก็มีสาวน้อยที่ไม่คุ้นหน้ามาเยือน\"รุ่นพี่เซ จำฉันได้หรือเปล่าคะ?\"ดูเหมือนเธอคนนั้นจะเป็นคนที่เคยมีความสัมพันธ์กับเซอิจิมาก่อน...เรื่องราวความรักแบบฮาๆ ของสาวซ่าที่เปลี่ยนมาเป็นสาวใสบริสุทธิ์เตรียมพบกับนางเอกคนใหม่ที่มาเปิดบทใหม่ในเล่ม 15', 'Now Available', 5, 160, 160, 'https://storage.naiin.com/system/application/bookstore/resource/product/202308/587300/1000263951_front_XXL.jpg?imgname=%E0%B8%AA%E0%B8%B2%E0%B8%A7%E0%B8%8B%E0%B9%88%E0%B8%B2%E0%B8%88%E0%B8%B5%E0%B8%9A%E0%B8%AB%E0%B8%99%E0%B8%B8%E0%B9%88%E0%B8%A1%E0%B9%82%E0%B8%AD%E0%B8%95%E0%B8%B2%E0%B8%84%E0%B8%B8-%E0%B8%A5.15', '2024-08-15', 'https://storage.naiin.com/system/application/bookstore/resource/product/202304/576914/1000260457_front_XXL.jpg?imgname=%E0%B8%AA%E0%B8%B2%E0%B8%A7%E0%B8%8B%E0%B9%88%E0%B8%B2%E0%B8%88%E0%B8%B5%E0%B8%9A%E0%B8%AB%E0%B8%99%E0%B8%B8%E0%B9%88%E0%B8%A1%E0%B9%82%E0%B8%AD%E0%B8%95%E0%B8%B2%E0%B8%84%E0%B8%B8-%E0%B8%A5.8', 1014, 1, 15, 11),
(90, 'สาวซ่าจีบหนุ่มโอตาคุ! เล่ม 16', 'Even If It Is Second Hand, I Want to Fall in Love!, Chuuko demo Koi ga Shitai!, Genjitsu no Kanojo wa Irimasen! vol.16', '現実〈リアル〉の彼女〈ヒロイン〉はいりません！(Real no Heroine wa Irimasen!) 16', 'Fiction,Romance,R18+,Manga', ' ยูกิ มานะสมาชิกใหม่ที่มาร่วมสมาคมวิจัยดิจิตอลเกมซอิจิหวาดหวั่นกับการกระทำของมานะที่ใล่ตามเซอิจิจนมาเรียน ม.ปลายที่เดียวกันขณะเดียวกัน เซอิจิที่กลับมาเล่นเกมลามกอีกครั้งในช่วงเวลาพักแต่ไม่รู้ทำไมกลับไม่สนุกเหมือนเคยหรือว่าสาวสองมิติไม่น่าสนใจแล้ว...!?วิธีการที่จะพิสูจน์ได้ก็คือออกเดตกับโคโตโกะ ยูกะ อิบุ และมานะตามลำดับ...!?เรื่องราวความรักแบบฮาๆของสาวซ่าที่เปลี่ยนมาเป็นสาวใสบริสุทธิ์พบกับเรื่องวุ่นๆ & ใจเต้นได้ในเล่ม 16!!', 'Now Available', 5, 160, 153, 'https://storage.naiin.com/system/application/bookstore/resource/product/202308/587300/1000263951_front_XXL.jpg?imgname=%E0%B8%AA%E0%B8%B2%E0%B8%A7%E0%B8%8B%E0%B9%88%E0%B8%B2%E0%B8%88%E0%B8%B5%E0%B8%9A%E0%B8%AB%E0%B8%99%E0%B8%B8%E0%B9%88%E0%B8%A1%E0%B9%82%E0%B8%AD%E0%B8%95%E0%B8%B2%E0%B8%84%E0%B8%B8-%E0%B8%A5.16', '2024-08-15', 'https://storage.naiin.com/system/application/bookstore/resource/product/202304/576914/1000260457_front_XXL.jpg?imgname=%E0%B8%AA%E0%B8%B2%E0%B8%A7%E0%B8%8B%E0%B9%88%E0%B8%B2%E0%B8%88%E0%B8%B5%E0%B8%9A%E0%B8%AB%E0%B8%99%E0%B8%B8%E0%B9%88%E0%B8%A1%E0%B9%82%E0%B8%AD%E0%B8%95%E0%B8%B2%E0%B8%84%E0%B8%B8-%E0%B8%A5.8', 1014, 1, 15, 11),
(91, 'สาวซ่าจีบหนุ่มโอตาคุ! เล่ม 17', 'Even If It Is Second Hand, I Want to Fall in Love!, Chuuko demo Koi ga Shitai!, Genjitsu no Kanojo wa Irimasen! vol.17', '現実〈リアル〉の彼女〈ヒロイン〉はいりません！(Real no Heroine wa Irimasen!) 17', 'Fiction,Romance,R18+,Manga', ' เซอิจิออกเดตกับยูกะ อิบุ โคโตโกะ มานะ ทีละคนเพื่อทดสอบความสนุกของสาวสามมิติ...การเดตกับทุกคนจบลงด้วยดี แต่การแข่งขันยังมีต่อด้วยการเดตกันสามคนกับมานะและโคโตโกะ...! ยิ่งกว่านั้นเหตุการณ์นี้ยังทำให้เกิดปัญหาวุ่นวายยกใหญ่อีกด้วย...!!', 'Now Available', 5, 160, 140, 'https://storage.naiin.com/system/application/bookstore/resource/product/202308/587300/1000263951_front_XXL.jpg?imgname=%E0%B8%AA%E0%B8%B2%E0%B8%A7%E0%B8%8B%E0%B9%88%E0%B8%B2%E0%B8%88%E0%B8%B5%E0%B8%9A%E0%B8%AB%E0%B8%99%E0%B8%B8%E0%B9%88%E0%B8%A1%E0%B9%82%E0%B8%AD%E0%B8%95%E0%B8%B2%E0%B8%84%E0%B8%B8-%E0%B8%A5.17', '2024-08-15', 'https://storage.naiin.com/system/application/bookstore/resource/product/202304/576914/1000260457_front_XXL.jpg?imgname=%E0%B8%AA%E0%B8%B2%E0%B8%A7%E0%B8%8B%E0%B9%88%E0%B8%B2%E0%B8%88%E0%B8%B5%E0%B8%9A%E0%B8%AB%E0%B8%99%E0%B8%B8%E0%B9%88%E0%B8%A1%E0%B9%82%E0%B8%AD%E0%B8%95%E0%B8%B2%E0%B8%84%E0%B8%B8-%E0%B8%A5.8', 1014, 1, 15, 11),
(92, 'สาวซ่าจีบหนุ่มโอตาคุ! เล่ม 18', 'Even If It Is Second Hand, I Want to Fall in Love!, Chuuko demo Koi ga Shitai!, Genjitsu no Kanojo wa Irimasen! vol.18', '現実〈リアル〉の彼女〈ヒロイン〉はいりません！(Real no Heroine wa Irimasen!) 18', 'Fiction,Romance,R18+,Manga', 'ทั้ง 3 คน เซอิจิ โคโตโกะ และมานะได้รับการสอบสวนเกี่ยวกับการดื่มแอลกอฮอล์ที่โรงเรียนเซอิจิเจอกับมานะโดยบังเอิญระหว่างทางกลับบ้านมานะสารภาพว่าเธอพลาดที่เอาแอลกอฮอล์ติดไปด้วยแม้เเซอิจิจะถือว่าการกระทำของมานะเป็นอุบัติเหตุแต่มานะกลับคิดว่าเซอิจิมีอะไรกับเธอแล้วเนื่องจากคืนนั้นทั้งสามคนนอนด้วยกันแบบไม่ใส่เสื้อผ้าซึ่งเรื่องนี้เป็นชนวนทำให้เกิดเหตุการณ์ใหม่ขึ้นมาอีก...', 'Now Available', 5, 160, 176, 'https://storage.naiin.com/system/application/bookstore/resource/product/202308/587300/1000263951_front_XXL.jpg?imgname=%E0%B8%AA%E0%B8%B2%E0%B8%A7%E0%B8%8B%E0%B9%88%E0%B8%B2%E0%B8%88%E0%B8%B5%E0%B8%9A%E0%B8%AB%E0%B8%99%E0%B8%B8%E0%B9%88%E0%B8%A1%E0%B9%82%E0%B8%AD%E0%B8%95%E0%B8%B2%E0%B8%84%E0%B8%B8-%E0%B8%A5.18', '2024-08-15', 'https://storage.naiin.com/system/application/bookstore/resource/product/202304/576914/1000260457_front_XXL.jpg?imgname=%E0%B8%AA%E0%B8%B2%E0%B8%A7%E0%B8%8B%E0%B9%88%E0%B8%B2%E0%B8%88%E0%B8%B5%E0%B8%9A%E0%B8%AB%E0%B8%99%E0%B8%B8%E0%B9%88%E0%B8%A1%E0%B9%82%E0%B8%AD%E0%B8%95%E0%B8%B2%E0%B8%84%E0%B8%B8-%E0%B8%A5.8', 1014, 1, 15, 11),
(93, 'สาวซ่าจีบหนุ่มโอตาคุ! เล่ม 19', 'Even If It Is Second Hand, I Want to Fall in Love!, Chuuko demo Koi ga Shitai!, Genjitsu no Kanojo wa Irimasen! vol.19', '現実〈リアル〉の彼女〈ヒロイン〉はいりません！(Real no Heroine wa Irimasen!) 19', 'Fiction,Romance,R18+,Manga', 'คำพูดของมานะที่สารภาพออกมาว่า \"ท้อง\"...และตัวตนของเคียวยะที่คอยปลุกระดมอยู่เบื้องหลังมานะเซอิจิได้รู้ความจริงเกี่ยวกับการดื่มแอลกอฮอล์ที่ โคโตโกะ มานะและเขาได้ก่อขึ้น เขาตัดสินใจที่จะเตรียมใจเผชิญหน้ากับทุกอย่าง...!!เรื่องราวความรักแบบฮาๆ ของสาวซ่าที่เปลี่ยนมาเป็นสาวใสบริสุทธิ์พบกับเรื่องราวก่อนถึงไคลแมกซ์ได้ในเล่ม 19!!', 'Now Available', 5, 160, 160, 'https://storage.naiin.com/system/application/bookstore/resource/product/202308/587300/1000263951_front_XXL.jpg?imgname=%E0%B8%AA%E0%B8%B2%E0%B8%A7%E0%B8%8B%E0%B9%88%E0%B8%B2%E0%B8%88%E0%B8%B5%E0%B8%9A%E0%B8%AB%E0%B8%99%E0%B8%B8%E0%B9%88%E0%B8%A1%E0%B9%82%E0%B8%AD%E0%B8%95%E0%B8%B2%E0%B8%84%E0%B8%B8-%E0%B8%A5.19', '2024-08-15', 'https://storage.naiin.com/system/application/bookstore/resource/product/202304/576914/1000260457_front_XXL.jpg?imgname=%E0%B8%AA%E0%B8%B2%E0%B8%A7%E0%B8%8B%E0%B9%88%E0%B8%B2%E0%B8%88%E0%B8%B5%E0%B8%9A%E0%B8%AB%E0%B8%99%E0%B8%B8%E0%B9%88%E0%B8%A1%E0%B9%82%E0%B8%AD%E0%B8%95%E0%B8%B2%E0%B8%84%E0%B8%B8-%E0%B8%A5.8', 1014, 1, 15, 11),
(94, 'สาวซ่าจีบหนุ่มโอตาคุ! เล่ม 20', 'Even If It Is Second Hand, I Want to Fall in Love!, Chuuko demo Koi ga Shitai!, Genjitsu no Kanojo wa Irimasen! vol.20', '現実〈リアル〉の彼女〈ヒロイン〉はいりません！(Real no Heroine wa Irimasen!) 20', 'Fiction,Romance,R18+,Manga', 'หลังจากหลายๆ เหตุการณ์สิ้นสุดลงเซอิจิก็ได้เข้าใจว่าสำหรับตัวเองแล้ว ผู้หญิงคนสำคัญคือใคร...คนที่เขาตัดสินใจจะสารภาพรักด้วยจะเป็นอิบุ ยูกะ โคโตโกะ หรือใครกันแน่...!?เรื่องราวความรักฮาๆของสาวซ่าที่เปลี่ยนมาเป็นสาวใสบริสุทธิ์ตอนจบแฮปปี้เอนดิ้งเคล้าน้ำตาติดตามได้แล้วในเล่มที่ 20', 'Now Available', 5, 160, 140, 'https://storage.naiin.com/system/application/bookstore/resource/product/202308/587300/1000263951_front_XXL.jpg?imgname=%E0%B8%AA%E0%B8%B2%E0%B8%A7%E0%B8%8B%E0%B9%88%E0%B8%B2%E0%B8%88%E0%B8%B5%E0%B8%9A%E0%B8%AB%E0%B8%99%E0%B8%B8%E0%B9%88%E0%B8%A1%E0%B9%82%E0%B8%AD%E0%B8%95%E0%B8%B2%E0%B8%84%E0%B8%B8-%E0%B8%A5.20', '2024-08-15', 'https://storage.naiin.com/system/application/bookstore/resource/product/202304/576914/1000260457_front_XXL.jpg?imgname=%E0%B8%AA%E0%B8%B2%E0%B8%A7%E0%B8%8B%E0%B9%88%E0%B8%B2%E0%B8%88%E0%B8%B5%E0%B8%9A%E0%B8%AB%E0%B8%99%E0%B8%B8%E0%B9%88%E0%B8%A1%E0%B9%82%E0%B8%AD%E0%B8%95%E0%B8%B2%E0%B8%84%E0%B8%B8-%E0%B8%A5.8', 1014, 1, 15, 11),
(95, 'พ่อรวยสอนลูก', 'Rich Dad Poor Dad', 'Rich Dad Poor Dad', 'Self-help,Business & Economics', ' \"พ่อรวยสอนลูก\" หนังสือขายดีตลอดกาล จาก \"โรเบิร์ต ที. คิโยซากิ\" ที่ให้แนวคิดในการสร้างตัว สร้างชีวิต นำทางให้คุณให้หลุดพ้นไปจากสิ่งที่ผู้เขียนเรียกว่า \"สนามแข่งหนู\" เพื่อไปยังเส้นทางด่วนที่นำไปสู่ความมั่งคั่งและนำไปสู่อิสรภาพทางการเงิน\r\n\r\n    ในเล่มนี้อัดแน่นไปด้วยคำสอนและคำแนะนำเกี่ยวกับความรู้เรื่องการเงิน ที่ไม่เคยมีใครสอนเกี่ยวกับเรื่องนี้มาก่อนแม้กระทั่งในโรงเรียน คนส่วนใหญ่มักจะมีปัญหาเรื่องการเงิน ซึ่งเป็นเพราะโรงเรียนไม่เคยสอนวิชาการเงิน ผลที่เกิดขึ้นก็คือ คนส่วนใหญ่จะทำงานเพื่อเงิน และไม่เคยรู้วิธีใช้เงินทำงานแทนเรา หนังสือเล่มนี้จะแสดงให้เห็นว่า การทำงานเพื่อเงินเดือนสูง ไม่ช่วยให้ร่ำรวยได้, \"บ้าน\" ไม่ใช่ทรัพย์สินอย่างที่คนส่วนใหญ่คิดกัน แต่มันคือหนี้สินต่างหาก, โรงเรียนไม่เคยสอนเรื่องการเงินให้เด็กเลย, ความแตกต่างของคำว่า \"ทรัพย์สิน\" และ \"หนี้สิน\" , วิธีสอนลูกเรื่องการเงินและวิธีประสบความสำเร็จทางการเงิน แม้ว่าการเรียนแบบเก่าๆ จะยังมีความสำคัญ แต่ก็ไม่เพียงพอสำหรับโลกปัจจุบัน หนังสือเล่มนี้จึงให้ความรู้เรื่องการเงินและวิธีใช้เงินที่ดีที่สุด\r\n\r\n    พ่อรวยสอนลูก ฉบับครบรอบ 25 ปี มีการเพิ่มบทเรียนสำหรับแลกเปลี่ยนเรียนรู้ เพื่อให้คุณใช้เป็นแนวทางในการอ่าน อ่านซ้ำ และพูดคุยแลกเปลี่ยน เพื่อศึกษาความรู้ทางการเงินกับเพื่อน เพื่อนร่วมงาน และครอบครัว', 'Now Available', 5, 345, 376, 'https://www.storytel.com/images/640x640/0002066538.jpg', '2024-01-01', 'https://www.se-ed.com/product/%E0%B8%9E%E0%B9%88%E0%B8%AD%E0%B8%A3%E0%B8%A7%E0%B8%A2%E0%B8%AA%E0%B8%AD%E0%B8%99%E0%B8%A5%E0%B8%B9%E0%B8%81-Rich-Dad-Poor-Dad-%E0%B8%89%E0%B8%9A%E0%B8%B1%E0%B8%9A%E0%B8%84%E0%B8%A3%E0%B8%9A%E0%B8%A3%E0%B8%AD%E0%B8%9A-25-%E0%B8%9B%E0%B8%B5.aspx?no=9786160852680', 1015, 1, 16, 1),
(96, 'พ่อรวยสอนลงทุน', 'Rich Dad\'s Guide to Investing', 'Rich Dad\'s Guide to Investing', 'Self-help,Business & Economics', 'หนังสือเล่มนี้จะบอกถึงกระบวนการในการพัฒนาตัวเองเพื่อให้คุณเป็นนักลงทุนที่ดีขึ้น เก่งขึ้น และทนต่อสภาวะความเสี่ยง และความเปลี่ยนแปลงในโลกการลงทุน ที่นับวันมีแต่จะดุเดือดได้ดียิ่งขึ้น ที่สำคัญที่สุด มันยังช่วยย้ำให้ได้เห็นความสำคัญของเป้าหมายและแผนการลงทุน ซึ่งเป็นสิ่งที่จำเป็นต่อการลงทุนอย่างยิ่งยวด อีกทั้งจะเปลี่ยนมุมมองในเรื่องการลงทุนของคุณไปตลอดกาล ไม่สำคัญว่าคุณจะเป็นมือใหม่ หรือมือเก่า เพียงขอให้คุณเปิดใจที่จะรับบทเรียนของ \"พ่อรวย\" ในเล่มนี้ ที่นับได้ว่ารวบรวมมาได้ดีที่สุด และสมบูรณ์ที่สุด จากหนังสือทั้งหมดในชุด \"พ่อรวยสอนลูก\" แล้วคุณจะทราบว่า \"การลงทุนเป็นเรื่องของการเดินทาง และจุดเริ่มต้นของเส้นทางนี้ กำลังรอคุณอยู่ในหน้าต่อไปแล้ว\" ', 'Now Available', 5, 385, 680, 'https://api.chulabook.com/images/pid-117234.jpg', '2024-01-01', 'https://www.se-ed.com/product/%E0%B8%9E%E0%B9%88%E0%B8%AD%E0%B8%A3%E0%B8%A7%E0%B8%A2%E0%B8%AA%E0%B8%AD%E0%B8%99%E0%B8%A5%E0%B8%87%E0%B8%97%E0%B8%B8%E0%B8%99-Rich-Dad-s-Guide-to-Investing.aspx?no=9786160845804', 1015, 1, 16, 1);

-- --------------------------------------------------------

--
-- Table structure for table `book_language`
--

CREATE TABLE `book_language` (
  `language_id` int(11) NOT NULL,
  `language_name` text NOT NULL DEFAULT 'Unknown'
) ENGINE=InnoDB DEFAULT CHARSET=utf8mb4 COLLATE=utf8mb4_general_ci;

--
-- Dumping data for table `book_language`
--

INSERT INTO `book_language` (`language_id`, `language_name`) VALUES
(1, 'Thai'),
(2, 'English');

-- --------------------------------------------------------

--
-- Table structure for table `comment`
--

CREATE TABLE `comment` (
  `comment_id` int(11) NOT NULL,
  `user_id` int(11) NOT NULL,
  `book_id` int(11) NOT NULL,
  `comment_detail` text NOT NULL,
  `reply_id` int(11) DEFAULT NULL,
  `up_vote` int(11) NOT NULL DEFAULT 0,
  `down_vote` int(11) NOT NULL DEFAULT 0,
  `time_stamp` timestamp NOT NULL DEFAULT current_timestamp()
) ENGINE=InnoDB DEFAULT CHARSET=utf8mb4 COLLATE=utf8mb4_general_ci;

--
-- Dumping data for table `comment`
--

INSERT INTO `comment` (`comment_id`, `user_id`, `book_id`, `comment_detail`, `reply_id`, `up_vote`, `down_vote`, `time_stamp`) VALUES
(1, 1001, 4, 'ชอบเล่มนี้มากครับ อ่านแล้วได้เห็นมุมมองของน้องแมวว่าคิดอะไรอยู่ มีเครียดมั้ยหรืออะไร', NULL, 0, 0, '2024-08-06 08:59:17'),
(2, 1001, 14, 'เรดเกาะเชจู นี่มันเป็นเรดที่สนุกที่สุดแล้วมั้ง ซองจะได้โชว์โหดละ ตื้นเต้นๆ', NULL, 0, 0, '2024-08-06 13:28:09');

-- --------------------------------------------------------

--
-- Table structure for table `favorite`
--

CREATE TABLE `favorite` (
  `favorite_id` int(11) NOT NULL,
  `user_id` int(11) NOT NULL,
  `book_id` int(11) NOT NULL,
  `time_stamp` timestamp NOT NULL DEFAULT current_timestamp()
) ENGINE=InnoDB DEFAULT CHARSET=utf8mb4 COLLATE=utf8mb4_general_ci;

--
-- Dumping data for table `favorite`
--

INSERT INTO `favorite` (`favorite_id`, `user_id`, `book_id`, `time_stamp`) VALUES
(1, 1001, 1, '2024-08-06 08:56:45'),
(2, 1001, 4, '2024-08-06 08:56:57'),
(3, 1001, 15, '2024-08-06 13:28:35');

-- --------------------------------------------------------

--
-- Table structure for table `history`
--

CREATE TABLE `history` (
  `history_id` int(11) NOT NULL,
  `user_id` int(11) NOT NULL,
  `book_id` int(11) NOT NULL,
  `time_stamp` timestamp NOT NULL DEFAULT current_timestamp() ON UPDATE current_timestamp()
) ENGINE=InnoDB DEFAULT CHARSET=utf8mb4 COLLATE=utf8mb4_general_ci;

-- --------------------------------------------------------

--
-- Table structure for table `publisher`
--

CREATE TABLE `publisher` (
  `publisher_id` int(11) NOT NULL,
  `publisher_name` text NOT NULL DEFAULT 'No Information'
) ENGINE=InnoDB DEFAULT CHARSET=utf8mb4 COLLATE=utf8mb4_general_ci;

--
-- Dumping data for table `publisher`
--

INSERT INTO `publisher` (`publisher_id`, `publisher_name`) VALUES
(1, 'No Information'),
(2, 'WeLearn'),
(3, 'bibli'),
(4, 'PHOENIX'),
(5, 'เวิร์คพอยท์ พับลิชชิ่ง, บจก.'),
(6, 'อนิแม็ก(Animag)'),
(7, 'รักพิมพ์ พับลิชชิ่ง'),
(8, 'บงกช พับลิชชิ่ง'),
(9, 'เดกซ์เพรส พับลิชชิ่ง'),
(10, 'เซนชู พับลิชชิ่ง'),
(11, 'กิฟท์ บุ๊ค พับลิชชิ่ง'),
(12, 'Mr.rocco'),
(14, 'AdapCreation, สนพ.'),
(15, 'สยามอินเตอร์คอมิกส์/Siam Inter Comics'),
(16, 'ซีเอ็ดยูเคชั่น (SE-EDUCATION)');

-- --------------------------------------------------------

--
-- Table structure for table `serie`
--

CREATE TABLE `serie` (
  `serie_id` int(11) NOT NULL,
  `serie_name` text NOT NULL DEFAULT 'etc.',
  `serie_status` set('Finished','On Going','On Hold','Unknown') NOT NULL DEFAULT 'Unknown'
) ENGINE=InnoDB DEFAULT CHARSET=utf8mb4 COLLATE=utf8mb4_general_ci;

--
-- Dumping data for table `serie`
--

INSERT INTO `serie` (`serie_id`, `serie_name`, `serie_status`) VALUES
(1, 'etc.', 'Finished'),
(2, 'บ้านวิกลคนประหลาด', 'Unknown'),
(3, 'โกคุราคุไก สุขาวดีสีเลือด', 'Unknown'),
(4, 'Solo Leveling', 'Unknown'),
(5, 'Ben 10 Alien Force Magazine', 'Unknown'),
(6, 'โนเกม โนไลฟ์ (NO GAME NO LIFE)', 'On Going'),
(7, 'ขอให้โชคดีมีชัยในโลกแฟนตาซี!', 'Finished'),
(8, 'ยอมเป็นแฟนเบอร์สองของเธอก็ได้', 'On Going'),
(9, '86-เอทตี้ซิกซ์', 'On Going'),
(10, 'ป๊ะป๋าเป็นผู้กล้า มาม้าเป็นเทพธิดา ส่วนหนูกลับมาเกิดใหม่พลังเต็มพิกัด', 'On Going'),
(11, 'สาวซ่าจีบหนุ่มโอตาคุ! ', 'Finished');

-- --------------------------------------------------------

--
-- Table structure for table `user`
--

CREATE TABLE `user` (
  `user_id` int(11) NOT NULL,
  `user_name` text NOT NULL,
  `user_pass` text NOT NULL,
  `user_email` text NOT NULL,
  `user_phone` text NOT NULL,
  `user_permission` text NOT NULL,
  `user_image` text NOT NULL DEFAULT 'unknown',
  `user_descriptions` text NOT NULL DEFAULT 'No Details'
) ENGINE=InnoDB DEFAULT CHARSET=utf8mb4 COLLATE=utf8mb4_general_ci;

--
-- Dumping data for table `user`
--

INSERT INTO `user` (`user_id`, `user_name`, `user_pass`, `user_email`, `user_phone`, `user_permission`, `user_image`, `user_descriptions`) VALUES
(1001, 'sirachet', 'sirachet123', 'sirachet@gmail.com', '0889112207', '1', 'https://www.google.co.th/url?sa=i&url=https%3A%2F%2Ftwitter.com%2Fkadokawa_amarin%2Fstatus%2F1791305153984999746&psig=AOvVaw12FIsjXKhRuRaVlhn0CZpy&ust=1722952372503000&source=images&cd=vfe&opi=89978449&ved=0CBEQjRxqFwoTCPjg-fL_3YcDFQAAAAAdAAAAABAc', '0'),
(1002, 'admin1', 'admin123', 'admin1@gmail.com', '0119923456', '0', 'admin1.jpeg', '0');

--
-- Indexes for dumped tables
--

--
-- Indexes for table `author`
--
ALTER TABLE `author`
  ADD PRIMARY KEY (`author_id`),
  ADD UNIQUE KEY `author_name` (`author_name`) USING HASH;

--
-- Indexes for table `book_detail`
--
ALTER TABLE `book_detail`
  ADD PRIMARY KEY (`book_id`),
  ADD KEY `book_detail_publisher_id` (`publisher_id`),
  ADD KEY `book_detail_serie_id` (`serie_id`),
  ADD KEY `book_detail_language_id` (`language_id`),
  ADD KEY `book_detail_author_id` (`author_id`);

--
-- Indexes for table `book_language`
--
ALTER TABLE `book_language`
  ADD PRIMARY KEY (`language_id`);

--
-- Indexes for table `comment`
--
ALTER TABLE `comment`
  ADD PRIMARY KEY (`comment_id`),
  ADD KEY `comment_user_id` (`user_id`),
  ADD KEY `comment_book_id` (`book_id`);

--
-- Indexes for table `favorite`
--
ALTER TABLE `favorite`
  ADD PRIMARY KEY (`favorite_id`),
  ADD KEY `favorite_user_id` (`user_id`),
  ADD KEY `favorite_book_id` (`book_id`);

--
-- Indexes for table `history`
--
ALTER TABLE `history`
  ADD PRIMARY KEY (`history_id`),
  ADD KEY `history_user_id` (`user_id`),
  ADD KEY `history_book_id` (`book_id`);

--
-- Indexes for table `publisher`
--
ALTER TABLE `publisher`
  ADD PRIMARY KEY (`publisher_id`);

--
-- Indexes for table `serie`
--
ALTER TABLE `serie`
  ADD PRIMARY KEY (`serie_id`);

--
-- Indexes for table `user`
--
ALTER TABLE `user`
  ADD PRIMARY KEY (`user_id`),
  ADD UNIQUE KEY `user_email` (`user_email`(50)),
  ADD UNIQUE KEY `user_name` (`user_name`(50)),
  ADD UNIQUE KEY `user_name_2` (`user_name`,`user_email`) USING HASH;

--
-- AUTO_INCREMENT for dumped tables
--

--
-- AUTO_INCREMENT for table `author`
--
ALTER TABLE `author`
  MODIFY `author_id` int(11) NOT NULL AUTO_INCREMENT, AUTO_INCREMENT=1016;

--
-- AUTO_INCREMENT for table `book_detail`
--
ALTER TABLE `book_detail`
  MODIFY `book_id` int(11) NOT NULL AUTO_INCREMENT, AUTO_INCREMENT=97;

--
-- AUTO_INCREMENT for table `book_language`
--
ALTER TABLE `book_language`
  MODIFY `language_id` int(11) NOT NULL AUTO_INCREMENT, AUTO_INCREMENT=3;

--
-- AUTO_INCREMENT for table `comment`
--
ALTER TABLE `comment`
  MODIFY `comment_id` int(11) NOT NULL AUTO_INCREMENT, AUTO_INCREMENT=3;

--
-- AUTO_INCREMENT for table `favorite`
--
ALTER TABLE `favorite`
  MODIFY `favorite_id` int(11) NOT NULL AUTO_INCREMENT, AUTO_INCREMENT=4;

--
-- AUTO_INCREMENT for table `history`
--
ALTER TABLE `history`
  MODIFY `history_id` int(11) NOT NULL AUTO_INCREMENT;

--
-- AUTO_INCREMENT for table `publisher`
--
ALTER TABLE `publisher`
  MODIFY `publisher_id` int(11) NOT NULL AUTO_INCREMENT, AUTO_INCREMENT=17;

--
-- AUTO_INCREMENT for table `serie`
--
ALTER TABLE `serie`
  MODIFY `serie_id` int(11) NOT NULL AUTO_INCREMENT, AUTO_INCREMENT=12;

--
-- AUTO_INCREMENT for table `user`
--
ALTER TABLE `user`
  MODIFY `user_id` int(11) NOT NULL AUTO_INCREMENT, AUTO_INCREMENT=1003;

--
-- Constraints for dumped tables
--

--
-- Constraints for table `comment`
--
ALTER TABLE `comment`
  ADD CONSTRAINT `comment_book_id` FOREIGN KEY (`book_id`) REFERENCES `book_detail` (`book_id`),
  ADD CONSTRAINT `comment_user_id` FOREIGN KEY (`user_id`) REFERENCES `user` (`user_id`) ON DELETE CASCADE;

--
-- Constraints for table `favorite`
--
ALTER TABLE `favorite`
  ADD CONSTRAINT `favorite_book_id` FOREIGN KEY (`book_id`) REFERENCES `book_detail` (`book_id`) ON DELETE CASCADE,
  ADD CONSTRAINT `favorite_user_id` FOREIGN KEY (`user_id`) REFERENCES `user` (`user_id`) ON DELETE CASCADE;

--
-- Constraints for table `history`
--
ALTER TABLE `history`
  ADD CONSTRAINT `history_book_id` FOREIGN KEY (`book_id`) REFERENCES `book_detail` (`book_id`) ON DELETE CASCADE,
  ADD CONSTRAINT `history_user_id` FOREIGN KEY (`user_id`) REFERENCES `user` (`user_id`) ON DELETE CASCADE;
COMMIT;

/*!40101 SET CHARACTER_SET_CLIENT=@OLD_CHARACTER_SET_CLIENT */;
/*!40101 SET CHARACTER_SET_RESULTS=@OLD_CHARACTER_SET_RESULTS */;
/*!40101 SET COLLATION_CONNECTION=@OLD_COLLATION_CONNECTION */;
